job-href,job,content,types,salary,business_trip
https://www.104.com.tw/job/8rs9v?app_jobsource=m_time4jobs&jobsource=new_map,高級軟體工程師,"所需專長(1~2點可展示作品優):
1.C#.Net - 使用 Visual Studio
.HttpWebRequest
.JSON
DataBase
.Microsoft SQL Server
.Access
WinForm
MSSQL
系統整合分析
 
2. 使用 C#.NET 開發 Winform （財務模組）
發票管理
票據管理
固定資產管理
零用金/總務費用管理
傳票管理
會計明細表：日記帳、分類帳、試算表
財務報表：綜合資產負債表、綜合損益表、綜合損益表(二期)
進行軟體之測試、修改與後續維護、 撰寫系統各模組之操作手冊

3.「前端＋後端＋雲端＋資料庫」
◆C#與.NET Framework 
◆.NET 物件導向程式開發 
◆ADO.NET 
◆.NET
◆LINQ 
◆ASP.NET MVC 
◆ASP.NET Web Form 
◆Azure 
◆資料庫設計 RDB&NoSQL 
◆SQL Server 
◆Git 版本控制
◆SVN
◆Agile 
◆CSS 
◆JavaScript 
◆HTML5 
◆Ajax 
◆JQuery 
◆RWD 
◆Bootstrap

需有實際(財務模組)相關1.2.項工作五年以上經驗者佳
面試時請備專題(影片及簡報或實際可操作者),未填寫,Android、ASP.NET、C#、Java、Visual Studio、WinForm、MS SQL
提升專業能力
提升專業能力,資料備份與復原、資訊設備環境設定、系統整合分析、軟體工程系統開發、軟體程式設計、資料庫系統管理維護、資料庫程式設計、資料庫軟體應用、系統架構規劃與維護","軟體工程師
、全端工程師","月薪60,000元以上",無需出差外派
https://www.104.com.tw/job/8p8l9?app_jobsource=m_time4jobs&jobsource=new_map,Java軟體開發工程師,"【工作內容】
1. Java Web 前、後端程式撰寫。
2. 負責軟體架構設計以及程式撰寫。
3. 規劃執行軟體架構及模組之設計，並控管軟體設計進度。
4. 進行軟體之測試與修改。
5. 協助研發軟體新技術與新工具。
6. 撰寫開發設計文件。
7. 協助研發軟體新技術與新工具導入
8. 例行Code review 及檢討。
9. 自動化部署與維護。

【必要條件】
1. 具4年以上Java軟體實務開發經驗。
2. 高併發、大數據性能、安全等有良好開發經驗。
3. 熟悉RESTful API設計以及ELK使用經驗。
4. 熟悉消息中間件框架和分散式緩存框架:Redis, RabbitMQ等。
5. 熟悉Git 版本控制工具。
6. 熟悉Tomcat、JDBC 等架構。
7. 具備Unit Test、API Test 撰寫經驗。
8. 熟悉後端設計架構、遵守開發流程及規範。

【加分條件】
1. 資安領域開發相關經驗。
2. 具有 Docker 和 Kubernetes 使用和管理經驗，熟悉微服務架構和相關的設計和實施。
3. 有設計和建構 ELK 和 Grafana 監控系統的經驗。,不拘,不拘,不拘",軟體工程師,"月薪55,000~80,000元",無需出差外派
