job-href,job,content,types,salary,business_trip,date,position_text,position_href,company
https://www.104.com.tw/job/8oajt?jobsource=new_map&app_jobsource=m_time4jobs,【台中】資深後端研發工程師 Senior Backend Engineer,"我們正在尋找一位熱愛技術挑戰、對軟硬體整合開發有深入理解的資深後端研發工程師。你將參與物聯網（IoT）及邊緣運算相關專案，打造高效穩定的系統，驅動我們的智慧建築與自動化解決方案。
如果你對MQTT、Modbus、C#、Python、SDK 開發有經驗，並喜歡在高併發、高可用的系統架構中解決技術難題，這將是一個讓你大展身手的機會！

你的工作內容
● AIoT 系統開發：開發智慧設備控制與雲端整合的後端服務，支援大量設備連線與即時數據傳輸。
● Raspberry Pi 與嵌入式開發：使用 Raspberry Pi（或其他嵌入式系統）進行設備控制，透過 GPIO 介面控制 Relay、感測器、門鎖、燈控等設備
● 後端系統開發：設計與實作高效能的後端服務，支援大規模設備連接與通訊。
● 軟硬體整合：與硬體工程團隊合作，開發 IoT 設備的通訊協議（如 MQTT、Modbus、TCP/IP）。
● SDK 開發：設計並維護 SDK，提供給內部或第三方應用開發者使用。
● 數據傳輸與事件驅動架構：優化設備與雲端的通訊，確保穩定性與即時性。
● 系統優化與效能調校：持續提升系統效能，確保低延遲與高可用性。
● 跨團隊協作：與前端、雲端、DevOps 團隊協同合作，確保服務順暢運行。

我們希望你擁有

必備技能
● 熟悉 C#、Python 兩種語言，具備開發與維護後端系統的能力
● 熟悉 MQTT、Modbus、TCP/IP 等通訊協議，具備軟硬體整合經驗
● 有 SDK 設計與開發經驗，能設計良好的 API 介面與模組
● 熟悉 資料庫設計，具備高效資料存取優化能力
● 熟悉 分散式架構，具備高併發、大量設備連線處理能力
● 熟悉 雲端平台（如 GCP），能進行雲端系統開發與部署

加分條件
● 熟悉 Linux 環境開發，有 Edge Computing 或嵌入式系統經驗
● 熟悉 DevOps 及 CI/CD 流程，有 GitOps 實作經驗
● 具備 電力控制、智慧建築、環控系統 開發經驗
● 具備 高效能系統開發經驗，熟悉並行與非同步處理技術
● 曾開發過 工業自動化或物聯網應用

我們提供的環境
● 技術驅動文化：我們重視技術創新與解決方案，讓你能深度參與架構設計與開發。
● 強調學習與成長：提供技術分享、內部交流機會，支持專業證照與外部進修。
● 影響力與挑戰：你的開發將直接影響智慧建築、工業物聯網等領域，為市場帶來創新應用。
● 完善的職涯發展：提供技術與管理雙軌成長機會，支援個人發展目標。

如果你熱愛技術，想在軟硬體整合的領域發揮影響力，歡迎加入我們，一起打造下一代智慧建築系統！立即應徵，成為我們的一員！,不拘,ASP.NET、C#、MySQL
提升專業能力
提升專業能力,不拘","軟體工程師
、網頁設計師
、Internet程式設計師","月薪50,000~100,000元",無需出差外派,2025/9/9,,,
https://www.104.com.tw/job/7pb9r?jobsource=new_map&app_jobsource=m_time4jobs,資深後端工程師(擴編),"負責網站後台系統的開發、維護和優化。
設計和開發資料庫，編寫 SQL 語句。
參與系統需求分析、設計和實現。

職位要求：

1. 熟悉 Python 語言和 Flask 框架。
2. 熟悉 SQL 語句和 MySQL、PostgreSQL 等關聯式資料庫。
3. 熟悉 Linux 系統，與 Git 版本控制工具。
4. 具備 Docker 相關經驗，能夠使用 Docker 部署、管理和維護後台系統。
5. 熟悉 Docker Compose，能夠使用它來管理多個容器的部署和連接。
6. 具備 Nginx 相關經驗，能夠配置、管理和優化 Nginx 伺服器。
7. 具備良好的代碼風格、可讀性和可維護性。
8. 具備良好的溝通、協調和團隊合作能力。
9. 具備獨立思考和解決問題的能力，能夠獨立完成任務。

×瑞艾專屬特殊福利：
除了職涯成長外，我們也重視每位夥伴的生活品質！
超彈性假期安排，每個月的週六(假日)，可自由與上班日對調，
自行安排連假，讓您方便安排出遊、陪家人朋友，做自己時間的主人！,不拘,Github、Python、PostgreSQL
提升專業能力
提升專業能力,網路程式設計、資料庫程式設計","資料庫管理人員
、MIS程式設計師
、網路管理工程師","月薪42,000~70,000元",無需出差外派,2025/9/9,,,
https://www.104.com.tw/job/8ouu0?jobsource=new_map&app_jobsource=m_time4jobs,Senior Backend Engineer 資深後端工程師（Python）台中,"我們正在開發一套基於 Home Assistant/KNX/Homekit核心的 MAX'Is 平台，後端採用 Python ，部署於 AWS 雲端，整合 Flutter 前端 App。將參與整個後端架構設計與實作，打造一套穩定、模組化且易於擴充的 AioT 控制平台。

主要工作內容包含：
1.與 Home Assistant 平台深度整合建構服務器（透過 REST API / WebSocket / MQTT）。
2.使用xKNX建構服務器，可跟KNX設備整合。
3.需整合HAP-python（公司有加入Apple MFi 計畫）
4.整合 MQTT/ REST API訊息服務與裝置事件推送機制。
5.資料庫開發設計（PostgreSQL / MySQL / DynamoDB 任一種）
6.部署與監控服務於 AWS（EC2 / ECS / S3 ...等）。
7.撰寫API技術開發文件（ 使用Apidog ）。

必備技能：
• 熟悉 Python 3.x，具備使用 FastAPI / Flask 等框架實作 API 經驗
• 熟悉 RESTful API 設計與實作，具備 JWT / OAuth2 認證實作經驗
• 熟悉GitLab 等版本控制平台
• 熟悉AWS
• 具備 Linux 環境下部署與網路設定能力

未來上班地點：台中市西屯區市政北七路98號30樓
備註：需要有5年以上後端開發經驗和iOT產業經驗才錄取,不拘,Python、PostgreSQL、AWS、MySQL、Git、Jenkins、Node.js、Linux、IoT
提升專業能力
提升專業能力,資料庫程式設計、系統架構規劃",後端工程師,"月薪70,000~150,000元",無需出差外派,2025/9/9,,,
https://www.104.com.tw/job/8pzqc?app_jobsource=m_time4jobs&jobsource=new_map,資深Java全端工程師（具 Python Qt 經驗尤佳）,"【職缺說明】
本公司專注於政府與企業客製化系統開發，現誠徵對網站應用程式開發充滿熱忱的資深工程師加入團隊。此職位將參與中大型政府專案，負責後端開發與前端功能實作，協助系統從設計、開發到部署上線，並與 UI/UX 團隊及相關部門密切合作，共同打造穩定且高效的應用服務。
若您具備 Java 技術專長，並熟悉 Spring Framework/Spring Boot 等主流開發架構，歡迎加入我們。若同時具備 Python + Qt 桌面應用開發經驗，更可參與client 端系統的開發與維護，拓展技術廣度與實務經驗。

【工作內容】
1.使用 Java 與 Spring Framework / Spring Boot 進行後端模組設計與開發
2.API 設計與整合，配合前端完成資料串接
3.協助系統設計、模組開發、單元測試與除錯
4.參與網頁前端功能實作，並與 UI/UX 團隊合作優化使用者體驗
5.參與政府專案開發，協助系統部署、維運與驗收
6.若具備 Python + Qt 經驗，將能參與 client 端桌面應用程式之開發與後續維護,不拘,Java、Python、Spring、MySQL、Git、JavaScript、RDBMS、Qt、MS SQL、Tomcat、CSS、jQuery
提升專業能力
提升專業能力,軟體程式設計、資料庫程式設計、結構化程式設計、系統整合分析、軟體整合測試、測試計劃及測試報告書撰寫、問題追蹤處理(Bug tracking)","全端工程師
、後端工程師
、Internet程式設計師","月薪50,000~70,000元取得專屬你的薪水報告",需出差，一年累積時間約一個月以下,2026/2/20,台中市北區忠明路424號15樓之2,"https://maps.google.com.tw/?q=%E5%BE%B7%E7%91%9E%E6%95%B8%E4%BD%8D%E7%A7%91%E6%8A%80%E8%82%A1%E4%BB%BD%E6%9C%89%E9%99%90%E5%85%AC%E5%8F%B8@24.1627113,120.669397&z=17",德瑞數位科技股份有限公司
