"job-href","job","content","types","salary","business_trip","date","position_text","position_href","company"
"https://www.104.com.tw/job/7utbd?jobsource=new_map&app_jobsource=m_time4jobs","【總部】軟體系統工程師","如果您對資訊開發管理充滿熱情，並且想要在教育產業發展，歡迎您加入我們的團隊！

身為四季藝術的數位資訊部伙伴，您將參與我們內外部系統的設計、開發與維護工作，並透過技術協助學校業務流程最佳化。我們正在尋找有熱情、能協作、並勇於學習與挑戰的您！

工作內容包含：
1.使用 PHP 或 C# 進行系統程式開發（具1年以上實務經驗）。
2.操作與設計 關聯式資料庫（如 MySQL、MSSQL）。
3.根據需求設計並撰寫 RESTful API，整合多種企業級應用（如 HRM、BPM、CRM 等）。
4.負責校內系統日常維運與問題排除。

我們期望你具備的能力與特質：
1.喜歡挑戰新事物，擅長跨部門溝通，重視團隊合作。
2.能獨立或與團隊合作，進行系統設計、開發與測試。
3.樂於嘗試使用 AI 技術 解決資訊系統問題。

【超優獎金與福利】
✧紅利獎金
✧三節獎金
✧定期舒壓按摩
✧聯誼聚餐
✧電影藝文活動補助
✧新鮮有機午餐
✧伙伴及伙伴家人旅行
✧伙伴子女入學優惠
✧伙伴子女課後照顧
✧單親伙伴 子女免費就讀補助
✧伙伴第三名子女免費就讀

這裡，充滿藝術、人文、愛與夢想，
這裡，高薪酬.多獎金.好福利，
這裡，有創新的四季專屬App.注重伙伴是否能聰明工作，
與伙伴共創安身立命實現夢想的地方，幸福的成為伙伴與自己生命中的貴人!,不拘,PHP、MySQL、C#
提升專業能力
提升專業能力,軟體工程系統開發、軟體程式設計","軟體工程師
、後端工程師
、Internet程式設計師","月薪40,000~50,000元","無需出差外派","2025-09-09","","",""
"https://www.104.com.tw/job/8oi8c?jobsource=new_map&app_jobsource=m_time4jobs","Front End 前端工程師","【工作內容 】

 1. 網頁前端功能開發與元件化建置
 2. 使用 Element Plus 框架進行介面開發與客製化
 3. 頁面響應式設計與跨瀏覽器相容性調整
 4. 無障礙功能設計（a11y）與多語系介面建置（i18n）
 5. 串接後端 API 並處理資料整合與呈現
 6. 使用 Git 進行版本控管與專案部署（含雲端環境）

【技能需求】

A. 前端技術（Frontend）：
開發技術：HTML5、CSS3、JavaScript、TypeScript
前端框架：Vue 3、Vite、Pinia、Vue Router、Element Plus
其他：SCSS、Vue I18n（多語系）、WAI-ARIA（無障礙設計）、RWD 響應式切版

B. 後端技術（Backend）：
理解 API 串接與資料處理流程
具備與 ASP.NET Core / Node.js 團隊協作經驗

C. 資料庫（Database）：
熟悉 JSON 資料格式與 RESTful API 串接邏輯
具備基本 SQL 查詢概念

D. 開發工具與環境（Development & Tools）：
版本控制：Git / GitHub
開發工具：VS Code、Postman
雲端服務：Azure（網站部署、靜態資源託管）,不拘,JavaScript、HTML、Git、Line、Node.js
提升專業能力
提升專業能力,軟體程式設計、系統架構規劃","Internet程式設計師
、前端工程師","月薪38,000~52,000元","需出差，一年累積時間約一個月以下","2025-09-09","","",""
"https://www.104.com.tw/job/8ml6j?jobsource=new_map&app_jobsource=m_time4jobs","【系統研發部】資深主任後端工程師","【工作職責】
●擔任技術窗口，在開發過程中進行需求規格確認、跨組別對接討論及組內任務分配，確保研發過程及交付內容的高質量與正確性。
●擔任技術管理者，制定技術規範、維護技術文件、檢視日常任務，確保團隊協作順暢，職務代理成本最小化及開發效率最佳化。
●異常問題排查，若非上班時間發生線上異常需配合 on call 或指派相關人員進行處理，確保產品盡速恢復正常運作。

【其他條件】
● 程式語言：C# 為主，JavaScript/TypeScript、Go
● 資料庫：MySQL、PostgreSQL、MongoDB、Redis
● 容器化管理 (K8S 為主)
● 雲服務操作及管理 (GCP 為主)
● 具全端開發或設計經驗佳
● 專案管理與溝通協調
● 解決問題與持續優化,不拘,不拘,不拘","軟體工程師
、電玩程式設計師
、Internet程式設計師","待遇面議","無需出差外派","2025-09-09","","",""
"https://www.104.com.tw/job/8l1rz?jobsource=new_map&app_jobsource=m_time4jobs","Unity工程師","【工作內容】
1.可獨立作業
2.使用Unity引擎，利用C#開發遊戲 
3.主要開發手機線上遊戲
4.對於開發遊戲有熱忱及自信
 
【必備技能 】
1.熟悉Unity / C#
2.對3D遊戲製程有經驗
3.後端API串接

【加分條件】
1.附相關作品參考者尤佳
2.數理邏輯組織能力強
3.參與過建築類，卡牌RPG類型手機遊戲開發
4.對台灣獨立遊戲有高度熱忱者尤佳
5.熟悉 Shader 編寫者。
6.photon fusion使用經驗
7.Animator設定經驗
8.UI/UX設計經驗


【獎金/禮品類】
1.年終獎金(保證最低年薪): 13個月
2.三節禮金
3.專案獎金

◆ 保險類
1.勞健保、勞退

◆ 請/休假制度
1.彈性上下班(上班時間9:00~10:00/下班時間18:00~19:00)
2.週休二日
3.特休/年假
4.生理假
5.陪產假

◆ 其他
1.下午茶、生日會、中秋烤肉、聖誕餐會、尾牙活動。
2.員工聚餐
3.旅遊獎勵
4.個人進修補助,不拘,Linux、Unity3D
提升專業能力
提升專業能力,系統架構規劃、軟體程式設計","軟體工程師
、電玩程式設計師","月薪40,000~60,000元","無需出差外派","2025-09-09","","",""
"https://www.104.com.tw/job/8sfg2?jobsource=new_map&app_jobsource=m_time4jobs","【金融創新部】初階程式設計師（工作地點：台中）","【⼯作內容】
現有功能維護及開發: 能接觸到前端、後端、SQL技術，⼀條⿓的串接開發，提供實務開發的平台

【必要技能】
1. 後端：C# .net Framework MVC、MS SQL
2. 前端：Javascript
3. 接觸過HTML、CSS、物件導向程式設計概念

【加分條件】
1. 了解MVC架構
2. 了解前端框架(Ext.js、React等)
3. 了解SVN、Git等版控操作
4. 喜歡接觸新事物、新技術、並能不斷提升⾃我技術⽔準


【寶碩財務科技−⾦融創新部簡介】
我們致⼒於⾦融商品投資管理平台開發，協助客戶進⾏⾦融商品交易部位管理、
⾵險管理及投資決策分析。

我們的成員組成為敏捷式團隊，提供客戶WEB化系統產品與服務(基於MVC架構)。
有別於其他傳統系統代理與專案模式，我們配置專職財務⼯程專家掌握最新⾦融技術、
商品變化與法規要求，結合兩個領域的優勢，建構完整、全⾯的投資平台，致⼒於核⼼產品開發，引領客戶⾯對不斷變化中的⾦融挑戰。

我們這裡有扁平的組織結構、採⽤敏捷式開發流程、開放⾃由的討論⽂化與導師制度、
完善的新⼈教育訓練、彈性的上班時間(8:30~10:30)做滿8⼩時⾃⾏下班、
沒有傳統企業的包袱、下班不⽤等主管離開才能⾛、沒有加班⽂化，
每周⼀次以上的部⾨聚餐(⾃由參加)、
友善豐富的進修管道(內訓、外訓、證照補助、部⾨知識庫)、
提供每⼈基本配備個⼈電腦(含SSD)+雙螢幕、
不定時的資訊技術、財經新知、財務知識、理財知識分享。

無須具備財務⾦融相關知識，歡迎不具財經背景的資訊⼯程師加⼊⼀同成⻑、分享與切磋~,不拘,不拘,不拘","軟體工程師
、Internet程式設計師","月薪40,000~60,000元","無需出差外派","2025-09-09","","",""
"https://www.104.com.tw/job/8sffn?jobsource=new_map&app_jobsource=m_time4jobs","【金融創新部】高級/資深程式設計師（工作地點：台中）","【⼯作內容】
1.負責產品模組的開發與調整(含前端JS、後端C#與SQL之開發)
2.理解客戶需求原因或是問題發⽣原因，協助思考、優化解決⽅案

【必要技能】
1. 後端：C# .net Framework MVC、MS SQL
2. 前端：Javascript
3. 接觸過HTML、CSS、物件導向程式設計概念

【加分條件】
1. 了解MVC架構
2. 了解前端框架(Ext.js、React等)
3. 了解SVN、Git等版控操作
4. 喜歡接觸新事物、新技術、並能不斷提升⾃我技術⽔準

【寶碩財務科技−⾦融創新部簡介】
我們致⼒於⾦融商品投資管理平台開發，協助客戶進⾏⾦融商品交易部位管理、
⾵險管理及投資決策分析。

我們的成員組成為敏捷式團隊，提供客戶WEB化系統產品與服務(基於MVC架構)。
有別於其他傳統系統代理與專案模式，我們配置專職財務⼯程專家掌握最新⾦融技術、
商品變化與法規要求，結合兩個領域的優勢，建構完整、全⾯的投資平台，致⼒於核⼼產品開發，引領客戶⾯對不斷變化中的⾦融挑戰。

我們這裡有扁平的組織結構、採⽤敏捷式開發流程、開放⾃由的討論⽂化與導師制度、
完善的新⼈教育訓練、彈性的上班時間(8:30~10:30)做滿8⼩時⾃⾏下班、
沒有傳統企業的包袱、下班不⽤等主管離開才能⾛、沒有加班⽂化，
每周⼀次以上的部⾨聚餐(⾃由參加)、
友善豐富的進修管道(內訓、外訓、證照補助、部⾨知識庫)、
提供每⼈基本配備個⼈電腦(含SSD)+雙螢幕、
不定時的資訊技術、財經新知、財務知識、理財知識分享。

無須具備財務⾦融相關知識，歡迎不具財經背景的資訊⼯程師加⼊⼀同成⻑、分享與切磋~,不拘,不拘,不拘","軟體工程師
、Internet程式設計師","月薪40,000~80,000元","無需出差外派","2025-09-09","","",""
"https://www.104.com.tw/job/8sl0z?jobsource=new_map&app_jobsource=m_time4jobs","【技術開發部】(主任)後端工程師","【工作職責】
● 使用Golang及grpc or http進行系統後端伺服器及API開發與維護。
● 負責開發多人連線網路系統。
● 後台管理介面開發及維護。
● 資料庫建置及運用。
● 網路同步機制撰寫。
● 具備K8S使用經驗。

【其他條件】
● 使用 Golang/C++/Asp.Net(MVCWeb API)/MSSQL/Redis/Postgresql 等技術。
● 具備一年以上遊戲伺服器開發經驗者佳。
● 使用 Server/Web/資料庫設計/程式設計的相關經驗。

【加分項目】
● 具備一年以上遊戲相關產業開發經驗者佳。
● 具備即時連線遊戲前後端串接流程相關經驗者佳。
● 具有獨立開發能力 (架構設計/流程設計/除錯/效能調整)者佳。,不拘,不拘,不拘","軟體工程師
、電玩程式設計師
、後端工程師","月薪60,000元以上","無需出差外派","2025-09-09","","",""
"https://www.104.com.tw/job/8svki?jobsource=new_map&app_jobsource=m_time4jobs","前端工程師 Frontend Engineer","【工作內容】
1) 使用 Vue.js（Vue 3 / Vite）開發與維護前端專案
2) 與後端工程師合作進行 API串接、資料處理與錯誤處理
3) 負責 RWD切版 與 跨瀏覽器相容性 調整
4) 熟悉 Azure 平台的部署與基本管理（Web App / API / Database）
5) 協助維護與開發 .NET MVC 專案，與 MSSQL 資料庫進行資料互動
6) 參與資料庫查詢（T-SQL）與效能優化
7) 具 LINE API / LIFF 串接與應用經驗尤佳（如會員綁定、LINE Pay、訊息推送等）
8) 願意學習並應用 Chatbot（含LINE官方帳號聊天機器人）相關技術
9) 與設計師、產品經理、後端團隊密切合作，確保產品功能與設計一致
10) 協助專案文件撰寫與技術分享

【必要條件】
1) 熟悉 Vue.js（Vue CLI 或 Vite 開發模式）
2) 精通 HTML5 / CSS3 / JavaScript (ES6+)
3) 熟悉 RWD切版 與 UI/UX 基本概念
4) 有 API串接 與資料格式（JSON / RESTful API）處理經驗
5) 基本掌握 Git 版本控制
6) 熟悉 Azure 部署與基本管理
7) 具備 .NET MVC 開發經驗
8) 具備 MSSQL 操作與查詢能力（T-SQL）

【加分條件】
1) 有 LINE API / LIFF 開發經驗（會員系統、付款、訊息推送等）
2) 熟悉 Chatbot 開發或應用（如 LINE Chatbot、Dialogflow、Azure Bot Service）
3) 了解 後端技術（Node.js / Express / NestJS / .NET Core）
4) 有雲端架構與部署流程 經驗（Azure、AWS、GCP 任一皆可）
5) 熟悉 CI/CD 流程（GitHub Actions / Azure DevOps）
6) 有 跨系統整合專案 實務經驗
7) 有企劃PM經驗尤佳（如專案規劃、功能需求分析、跨部門溝通）,不拘,Node.js、Github、Line
提升專業能力
提升專業能力,軟體程式設計、系統架構規劃、軟體工程系統開發","前端工程師
、全端工程師","月薪40,000~52,000元","需出差，一年累積時間約一個月以下","2025-09-09","","",""
"https://www.104.com.tw/job/7dc1l?jobsource=new_map&app_jobsource=m_time4jobs","資料庫管理設計工程師","1. 負責資料庫之分析、設計以及程式撰寫。
2. 規劃執行軟體架構及模組之設計，並控管軟體設計進度。
3. 進行軟體之測試與修改。
4. 熟悉後端資料庫運用軟體、MS SQL等資料庫、熟PHP Laravel
5. 有研究新技術與工具的熱忱
6. 積極主動、樂觀、能溝通、樂於助人及習慣團隊合作。,未填寫,C#、C++、Java、PHP、Access、MS SQL、MySQL、HTML、JavaScript
提升專業能力
提升專業能力,軟體程式設計、網路程式設計、資料庫系統管理維護、資料庫程式設計、資料庫軟體應用","軟體工程師
、資料庫管理人員
、其他資訊專業人員","月薪40,000~60,000元","無需出差外派","2025-09-09","","",""
"https://www.104.com.tw/job/8pjdt?jobsource=new_map&app_jobsource=m_time4jobs","PHP助理工程師","參與Unity與C#相關的遊戲開發工作，具備獨立開發小型遊戲的實務經驗

熟悉網頁前後端開發流程，能在團隊中協作並完成跨部門的整合任務

曾參與實際專案開發，負責前端商品區邏輯設計與實作

熟悉常見Web技術，具備良好的UI實作與程式邏輯思考能力

能將所學技術應用於實際專案中，具備主動解決問題的能力


職務需求:
熱愛遊戲與程式開發，具備自學能力與持續學習動力

熟悉Unity與C#語言，有實作經驗者尤佳

具備HTML、CSS、JavaScript、Bootstrap的前端基礎

熟悉Laravel與PHP等後端技術，具備完整網站開發概念

有LeetCode練習經驗，對演算法與解題有基本認識

曾參與職訓課程學習前後端整合，具備實務操作經驗,不拘,C#、JavaScript、HTML、CSS、Unity、PHP
提升專業能力
提升專業能力,遊戲開發、軟體程式設計、網路程式設計","助理工程師
、後端工程師","月薪35,000~40,000元","無需出差外派","2025-09-09","","",""
"https://www.104.com.tw/job/8l85h?jobsource=new_map&app_jobsource=m_time4jobs","軟體工程師(台中) | IoT Software Engineer (Taichung)","你所追求的工作是是撰寫【程式】，還是打造會讓你感到驕傲的【產品】?

如果你是一位具有熱情和願景的軟體工程師，我們非常期待你加入晟福科技的團隊！我們正在尋找充滿創造力、專業知識豐富、對技術充滿熱情的人才，一同攜手打造未來的物聯網世界。

關於我們：
晟福科技是一家成立20餘年的科技公司，致力於開發創新的軟體解決方案，以解決當今社會和商業面臨的挑戰。過去承接整合應用的自控系統涵蓋全省性資訊機房、數位監控小至辦公室之智慧型機櫃、微型機房等，一直深受用戶讚許。
今天，在金融電信以及著重資安領域的大型企業與政府機構，都可以見到晟福科技Sunforce的產品運用。面對國內外市場的激烈競爭，我們始終以先進穩定的產品技術、迅速的服務回應支援確保了物聯網環控領域中的領先者地位。
我們有完善的服務體系，資深的銷售和應用工程師，隨時提供廣泛的專業服務，客戶的各種問題在晟福科技Sunforce都可以獲得完整解決。我們相信，多元性是創造卓越產品和服務的關鍵，並且激勵了我們的不斷創新和成長。

職位概述：
作為晟福科技的軟體工程師，你將有機會參與各種有趣和挑戰性的新專案，包含下一代智能AI環境監控系統、智慧綠電、淨零碳排、再生能源物聯網監控系統，從事軟體開發、維護和優化工作。你將與一支充滿熱情和專業知識的團隊合作，不斷學習和成長，並有機會參與創建產品的各個階段。

職位要求：

• 熟悉後端 ASP.NET 和 C#. (ASP.NET Core 優)
• 熟悉前端技術 JavaScript, Vue.js
• 了解DB, SQL語法
• 有Web的基礎開發經驗
• 良好的程式設計和編碼能力
• 具有前端或後端開發經驗者尤佳。
• 良好的問題解決能力，善於合作和團隊工作。
• 對新技術和趨勢保持敏感，有持續學習的熱情。

為何加入我們？
我們提供具有競爭力的薪酬和福利，包括靈活的工作時間和遠程工作選項。
你將有機會參與各種有趣的專案，挑戰自己的技能和知識。
我們重視員工的成長和發展，你將能夠實現個人和職業目標。
如果你對於晟福科技的使命和我們的文化感到興趣，並且認為自己是一位適合的軟體工程師，請不要猶豫，立即提交你的申請！我們期待能夠與你一同開創美好的未來。,不拘,C#、JavaScript、VueJS、jQuery、AJAX
提升專業能力
提升專業能力,系統架構規劃、軟體程式設計、資料庫程式設計、軟體工程系統開發","軟體工程師
、通訊軟體工程師
、全端工程師","月薪40,000元以上","無需出差外派","2025-09-09","","",""
"https://www.104.com.tw/job/6fuqj?jobsource=new_map&app_jobsource=m_time4jobs","MVC 程式設計師 ASP.NET or C#( 台中)","1.  需熟悉C#.Net or MVC 4以上相關開發工具
2.  需實際運用前述技術開發經驗
3.  維護MVC專案
4.  開發Server-Side Web API

系統架構係使用前後端相關技術：
前端：HTML5 + CSS3 +  jQuery
後端：MVC + WEB API + Entity Framework,1.具備 Windows Server和SQL server 系統操作能力者為佳。
2..若有相關作品和學校專題等可先準備好作品與文件來面試，會先行筆試。
3.如有MCSD(for .NET)或相關 DBA 之證照，可優先考慮。
4.具備iPAS證照優先面試。,ASP.NET、Visual Basic .net、Visual C#、Visual Studio、Visual Studio .net、MS SQL、Oracle
提升專業能力
提升專業能力,不拘","軟體工程師
、Internet程式設計師","月薪33,000~65,000元","需外派，一年累積時間未定","2025-09-09","","",""
"https://www.104.com.tw/job/8s1t9?jobsource=new_map&app_jobsource=m_time4jobs","軟體工程師(全端)","我們是一家深耕業界超過 70 年的建材製造廠，目前投入自動化與智慧轉型，歡迎加入轉型行列。

工作內容
1. 架構與設計
-規劃產品軟體架構與模組，控管開發進度
-參與系統需求分析與技術選型。

2. 程式開發
-以 Python／C#／Java 撰寫後端服務、API；整合前端框架，完成 Client-Server 全端功能。
-持續優化效能與可擴充性。

3. 資料庫與效能
-管理 SQL（MySQL／MS SQL） 與 NoSQL（MongoDB／Redis），設計資料模型與查詢優化。

4. 測試與維運
-撰寫自動化測試，執行 Code Review，透過 CI/CD 流程部署並維護版本。
-追蹤問題並進行改版、修復。

5. 資安與穩定性
-實作 OAuth、加密（AES／SSL）、權限控管與弱點防護，確保系統安全。

6. 跨部門協作
-與產品、前端、DevOps 及 QA 團隊合作，持續改進開發流程。
-其他主管交辦事項。

福利：
勞健保、團保、三節禮金／禮品、員工旅遊、不定期員工聚餐、定期健康檢查、教育訓練補助、免費咖啡與點心

您將參與公司的產品開發以及解決效率和流程問題，歡迎對軟體開發充滿熱情的你加入我們的團隊，我們期待與您合作。,不拘,JavaScript、CSS、HTML、jQuery、Python、Java、C#、MS SQL、MySQL、Git
提升專業能力
提升專業能力,伺服器網站管理維護、系統架構規劃、軟體程式設計、資料庫程式設計、資料庫系統管理維護","全端工程師
、軟體工程師
、資料工程師","月薪50,000元以上","無需出差外派","2025-09-09","","",""
"https://www.104.com.tw/job/8j4ag?jobsource=new_map&app_jobsource=m_time4jobs","H19-資訊專員(台中會本部)","『請務必上本會官網-人才招募系統(http://hr.ccf.org.tw/ManbankClient)，查詢職缺訊息，並線上投遞履歷與報名表，謝謝您的合作！』

開發人員應徵條件
【相關條件】 ： 
工作經歷：1年以上，實際專案開發 。
學歷要求：大學以上 。
科系要求：國內外大學電腦、資訊等相關學系 。
語文條件：不拘 。
具備條件：熟悉版本控管, 前後端開發, 資料庫語法 。
工作內容 : 負責本會資訊系統開發與維護 。
 
【我們希望您具備的技能】 ： 
1. 一年以上C# .NET Core 或其他程式語言專案實務經驗。
2. 熟悉ASP.NET MVC架構及Web API運用。 
3. 熟悉 HTML5、CSS、jQuery、Bootstrap 等前端網頁開發技術及運用 。
4. 熟悉 Git 或其他版本控管經驗及概念 。
5. 熟悉 SQL 語法，具 MSSQL使用經驗 。
 
 【加分項】 ： 
1. 熟悉 LINQ Entity Framework 
2.  Vue.js 前端套件運用經驗 
3. 敏捷開發相關經驗,不拘,不拘,不拘","軟體專案管理師
、全端工程師
、資料庫管理人員","月薪39,000~41,000元","無需出差外派","2025-09-09","","",""
"https://www.104.com.tw/job/8on14?jobsource=new_map&app_jobsource=m_time4jobs","【台中】平台後端研發工程師（Backend Engineer with Product Passion）","我們是誰？
我們是全台規模領先的智慧生活平台，擁有超過 250 萬會員、每日活躍用戶突破 150 萬，平台涵蓋智慧社區、智慧建築、AIOT 整合、社區數位治理、專業到府服務與電商等多元應用，技術堆疊涵蓋 Kubernetes 公有雲架構、高可用微服務、AIOT 訊息佇列與實時資料處理，後端技術核心以 .NET 為主軸，亦包含多語言整合環境。
我們正在尋找一位不只是寫程式，而是對「產品與使用者價值」有熱情的後端工程師，你會成為推動平台前進的技術夥伴，也可能是未來技術文化的佈道者（Evangelist）。

你會參與的事：
●設計並開發高可用、高併發、高穩定性的後端服務與 API
●與產品經理、前端與 QA 合作，從需求定義到落地開發，共同打造有感功能
●優化與重構既有系統架構，追求可維護性、可觀測性與擴展性
●持續導入新技術與最佳實踐（如 Clean Architecture、Event-Driven）
●協助團隊進行技術討論、code review、知識分享，扮演技術文化推動者
●支援平台對 AIOT、數據平台、社區設備整合等應用的後端開發需求

我們希望你有的樣子：
●具備 2 年以上後端開發經驗（.NET Core/C# 優先，其他語言亦可）
●熟悉 RESTful API 設計、資料庫 Schema 設計與效能調校（SQL/NoSQL）
●熟悉 Kubernetes、CI/CD、自動化部署流程尤佳
●對大型系統設計、軟體架構演進有興趣並願意鑽研（ex: 分散式系統、微服務）
●樂於分享、主動學習、關心使用者，能從「技術 + 產品」雙面思考

加分項目（不是硬性條件）：
●參與過中大型會員平台、訂單系統、排程任務等經驗
●熟悉消息佇列（如 Kafka、RabbitMQ、MQTT）與非同步架構
●有參與 DevOps、SRE 或 Observability（如 Prometheus, Grafana）實務經驗
●實作過 Domain-driven Design、Hexagonal/Clean Architecture 架構
●寫過技術部落格、社群分享、內部技術推廣等紀錄

 我們提供：
●技術導向文化，擁抱挑戰與創新，不設限於既有框架
●有規模也有速度的開發場域，讓你的設計在真實使用者中產生影響
●參與整個平台從產品概念到技術實踐的完整循環
●同溫層外的團隊，與你一樣熱血但不盲從的夥伴們
●彈性工時制度、教育訓練補助、技術社群參與支持

我們相信「工程師的成就感，來自技術實現使用者價值的過程」
如果你期待的不只是開發任務，而是一個能共同思考產品、挑戰技術極限、也能影響團隊文化的場域，請投遞你的履歷或作品集，讓我們一起聊聊怎麼讓「後端工程」更有靈魂。,不拘,ASP.NET、C#、MySQL
提升專業能力
提升專業能力,不拘","軟體工程師
、網頁設計師
、Internet程式設計師","月薪70,000~100,000元","無需出差外派","2025-09-09","","",""
"https://www.104.com.tw/job/8nlwz?jobsource=new_map&app_jobsource=m_time4jobs","產業應用發展部-全端工程師","1.設計開發系統介面程式，資料庫設計與管理
2.使用一種前端框架(Angular、React、Vue)進行開發
3.API設計開發與串接
4.專案支援、協調及執行軟體測試
5.主管交辦工作事項,資工、資管、電機電子工程相關科系

其他需求條件：
1.Javascript、JQuery、AngularJS 前端網項相關技術
2.熟悉ASP.net、C#後端網頁開發技術
3.CSS3、HTML5 
4.熟悉MS-SQL 資料庫語法
5.至少1年以上網頁/系統前端開發經驗,C#、Java、PHP、Python、MS SQL、MySQL、Oracle、HTML、JavaScript、CSS、Node.js、Angular
提升專業能力
提升專業能力,系統架構規劃、系統整合分析、軟體工程系統開發、軟體程式設計","全端工程師
、前端工程師
、後端工程師","待遇面議","需出差，一年累積時間約一個月以下","2025-09-09","","",""
"https://www.104.com.tw/job/8oajt?jobsource=new_map&app_jobsource=m_time4jobs","【台中】資深後端研發工程師 Senior Backend Engineer","我們正在尋找一位熱愛技術挑戰、對軟硬體整合開發有深入理解的資深後端研發工程師。你將參與物聯網（IoT）及邊緣運算相關專案，打造高效穩定的系統，驅動我們的智慧建築與自動化解決方案。
如果你對MQTT、Modbus、C#、Python、SDK 開發有經驗，並喜歡在高併發、高可用的系統架構中解決技術難題，這將是一個讓你大展身手的機會！

你的工作內容
● AIoT 系統開發：開發智慧設備控制與雲端整合的後端服務，支援大量設備連線與即時數據傳輸。
● Raspberry Pi 與嵌入式開發：使用 Raspberry Pi（或其他嵌入式系統）進行設備控制，透過 GPIO 介面控制 Relay、感測器、門鎖、燈控等設備
● 後端系統開發：設計與實作高效能的後端服務，支援大規模設備連接與通訊。
● 軟硬體整合：與硬體工程團隊合作，開發 IoT 設備的通訊協議（如 MQTT、Modbus、TCP/IP）。
● SDK 開發：設計並維護 SDK，提供給內部或第三方應用開發者使用。
● 數據傳輸與事件驅動架構：優化設備與雲端的通訊，確保穩定性與即時性。
● 系統優化與效能調校：持續提升系統效能，確保低延遲與高可用性。
● 跨團隊協作：與前端、雲端、DevOps 團隊協同合作，確保服務順暢運行。

我們希望你擁有

必備技能
● 熟悉 C#、Python 兩種語言，具備開發與維護後端系統的能力
● 熟悉 MQTT、Modbus、TCP/IP 等通訊協議，具備軟硬體整合經驗
● 有 SDK 設計與開發經驗，能設計良好的 API 介面與模組
● 熟悉 資料庫設計，具備高效資料存取優化能力
● 熟悉 分散式架構，具備高併發、大量設備連線處理能力
● 熟悉 雲端平台（如 GCP），能進行雲端系統開發與部署

加分條件
● 熟悉 Linux 環境開發，有 Edge Computing 或嵌入式系統經驗
● 熟悉 DevOps 及 CI/CD 流程，有 GitOps 實作經驗
● 具備 電力控制、智慧建築、環控系統 開發經驗
● 具備 高效能系統開發經驗，熟悉並行與非同步處理技術
● 曾開發過 工業自動化或物聯網應用

我們提供的環境
● 技術驅動文化：我們重視技術創新與解決方案，讓你能深度參與架構設計與開發。
● 強調學習與成長：提供技術分享、內部交流機會，支持專業證照與外部進修。
● 影響力與挑戰：你的開發將直接影響智慧建築、工業物聯網等領域，為市場帶來創新應用。
● 完善的職涯發展：提供技術與管理雙軌成長機會，支援個人發展目標。

如果你熱愛技術，想在軟硬體整合的領域發揮影響力，歡迎加入我們，一起打造下一代智慧建築系統！立即應徵，成為我們的一員！,不拘,ASP.NET、C#、MySQL
提升專業能力
提升專業能力,不拘","軟體工程師
、網頁設計師
、Internet程式設計師","月薪50,000~100,000元","無需出差外派","2025-09-09","","",""
"https://www.104.com.tw/job/75ofx?jobsource=new_map&app_jobsource=m_time4jobs","資深全端工程師","1. 後端系統開發與整合
2. 熟悉任一程式語言 (NodeJS, C#, GO等)
3. 熟悉前後端分離開發模式
4. 具Docker 或 K8S 工作經驗
5. 後端工作經驗兩年以上
6. 具備微服務開發經驗者佳,不拘,C#、Go、JavaScript、Node.js、VueJS
提升專業能力
提升專業能力,軟體工程系統開發、軟體程式設計、網路程式設計","Internet程式設計師
、軟體工程師
、電玩程式設計師","月薪55,000~90,000元","無需出差外派","2025-09-09","","",""
"https://www.104.com.tw/job/7qrux?jobsource=new_map&app_jobsource=m_time4jobs","前端工程師-台中 (J1/J2)","【職務說明】
1. 進行軟體程式設計與維護。
2. 進行軟體測試與修改。
3. 在時間內完成給予的單子-把需求拆成可以執行的大小並且完成開發。
4. 執行主管交辦事項。

【技能要求】
1. 熟悉前端開發：Angular/JS、HTML、CSS
2. 對於三層式架構有一定的概念

【具備能力】
1. 良好的溝通能力：能夠和非工程師溝通，並且能夠說明一些技術上遇到的問題並試著提出解決方案。
2.喜歡團隊合作、富有熱情。
3. 特質：能夠透過溝通找出問題的解決方案、自主解決問題、喜歡協助他人以及樂於學習

【加分條件】
1. 了解 Azure DevOps
2. 了解 Scrum，有做過 PO 或者 Scrum master 的角色
3. 了解 Microsoft Azure
4. 了解 TDD/BDD 開發
5. 具有開發「好」系統的概念：
物件導向概念、測試概念、SOLID 等讓開發品質更好的概念
6. 對於軟體架構有一定的概念：
三層式架構、DDD（Clean Architecture）
7. 了解資料庫：以 MSSQL 為主，了解規劃 Table Schema，能夠進行效能調校
8. 了解 .NET 開發的生態圈：像是 C#、 ASP .NET MVC、 ASP .NET Core、Web API、Nuget 套件開發等等,不拘,HTML、JavaScript、CSS、Angular
提升專業能力
提升專業能力,軟體工程系統開發、軟體程式設計","助理工程師
、軟體工程師","月薪50,000元以上","無需出差外派","2025-09-09","","",""
"https://www.104.com.tw/job/7ef49?jobsource=new_map&app_jobsource=m_time4jobs","【台中】C#軟體研發工程師 Senior","你是否渴望在一個充滿挑戰和創造力的環境中，成為一名卓越的C#後端研發工程師？我們正在尋找具有熱情和專業的人才，加入我們充滿活力的軟體平台團隊，共同開發平台後端與微服務架構，並設計高併發的解決方案。

作為一家技術領先的軟體平台公司，我們致力於提供創新且高效的解決方案，滿足商業平台擴張與微服務架構的需求。作為C#後端研發工程師，你將成為這個目標實現的關鍵角色。

我們期待找到以下具備技能和特質的伙伴：
1.扎實的C#開發基礎：
   精通C#語言和.NET框架，熟悉開發平台Web API與微服務架構。具備良好的程式質量和效能優化意識。
2.架構設計與優化能力：
   具有設計高併發解決方案的經驗，能夠設計可擴展且穩定的系統架構。熟悉微服務架構的設計原則和最佳實踐。
3.優秀的問題解決能力：
   能夠快速識別並解決複雜的技術問題，具備良好的邏輯思維和分析能力。能夠在壓力下保持冷靜，並找到最佳解決方案。
4.團隊合作精神：
   善於與多個團隊成員合作，包括前端工程師、DBA、SRE等，以實現共同的目標。具備良好的溝通和協調能力，能夠積極參與團隊討論和分享。
5.學習和創新的態度：
   對於新技術和工具保持持續的學習和探索，並能夠將新知識應用於工作中。勇於嘗試新的想法和解決方案，推動產品的創新和發展。

加入我們的團隊，你將有機會參與開發引人注目的軟體平台，影響數百萬用戶的體驗。我們提供優越的工作環境和良好的成長機會，讓你的才華得以充分展現和發展。

如果你渴望成為C#後端研發領域的佼佼者，我們誠摯地邀請你加入我們的團隊。我們期待與你見面，一同創造更多觸手可及的美好生活。


1.熟ASP.NET Core C#
2.熟Git版本控制
3.具備 OOP / Design Pattern 概念尤佳
4.有redis、Rabbit MQ、EF.core 經驗尤佳
5.團隊採scrum開發模式，有DDD領域驅動開發模式 經驗尤佳
6.團隊採用自動化持續交付或持續部署(CI/CD)

團隊訓練
1.定期舉辦內部/外部技術研討與訓練
2.定期內部/外部教育訓練
3.享有豐富線上教育系統資源(skill/flow),不拘,ASP.NET、C#、MySQL
提升專業能力
提升專業能力,不拘","軟體工程師
、網頁設計師
、Internet程式設計師","月薪40,000~100,000元","無需出差外派","2025-09-09","","",""
"https://www.104.com.tw/job/8lype?jobsource=new_map&app_jobsource=m_time4jobs","Senior Full Stack Developer 資深全端工程師(ASP.NET)","＊投遞時請一併提供相關作品集，因專案需求會先以約聘任用＊

Job Function
- 設計與開發 Web-based 應用程序的前後端系統
- 維護現有 ASP.NET Web 項目，進行日常維護開發與 Code Review
- 負責系統架構分析，能執行軟體開發前後建置及功能測試、除錯修改
- 負責 RWD 網頁切版與前端視覺呈現
- API 設計與撰寫，API 串接、後端系統分析、設計以及程式撰寫

Your Impact
- 提升專案開發效率，確保交付的系統具備高可靠性與穩定性
- 提供創新的技術解決方案，促進專案的順利執行
- 協助提升公司技術團隊的整體開發與維護能力

Qualifications
- 4~5年系統軟體開發經驗
- 熟悉 ASP.NET Core MVC 網站系統開發
- 熟悉 Vue.js、 jQuery 前端技術
- 具 WebAPI、WebService 開發/串接經驗
- 熟悉 RWD 網頁切版
- 熟悉 MsSQL 或 Oracle，資料庫開發經驗

Join Us
At MoBagel, you’ll be part of a passionate and talented team working on cutting-edge technology. You'll have the opportunity to contribute to impactful projects, work on innovative solutions, and grow alongside a dynamic company in the tech industry.,不拘,ASP.NET、Java、Oracle、jQuery
提升專業能力
提升專業能力,系統架構規劃、軟體工程系統開發、軟體程式設計、網路程式設計、資料庫程式設計","軟體工程師
、Internet程式設計師
、網頁設計師","待遇面議","無需出差外派","2025-09-09","","",""
"https://www.104.com.tw/job/8oajt?app_jobsource=m_time4jobs&jobsource=new_map","【台中】資深後端研發工程師 Senior Backend Engineer","我們正在尋找一位熱愛技術挑戰、對軟硬體整合開發有深入理解的資深後端研發工程師。你將參與物聯網（IoT）及邊緣運算相關專案，打造高效穩定的系統，驅動我們的智慧建築與自動化解決方案。
如果你對MQTT、Modbus、C#、Python、SDK 開發有經驗，並喜歡在高併發、高可用的系統架構中解決技術難題，這將是一個讓你大展身手的機會！

你的工作內容
● AIoT 系統開發：開發智慧設備控制與雲端整合的後端服務，支援大量設備連線與即時數據傳輸。
● Raspberry Pi 與嵌入式開發：使用 Raspberry Pi（或其他嵌入式系統）進行設備控制，透過 GPIO 介面控制 Relay、感測器、門鎖、燈控等設備
● 後端系統開發：設計與實作高效能的後端服務，支援大規模設備連接與通訊。
● 軟硬體整合：與硬體工程團隊合作，開發 IoT 設備的通訊協議（如 MQTT、Modbus、TCP/IP）。
● SDK 開發：設計並維護 SDK，提供給內部或第三方應用開發者使用。
● 數據傳輸與事件驅動架構：優化設備與雲端的通訊，確保穩定性與即時性。
● 系統優化與效能調校：持續提升系統效能，確保低延遲與高可用性。
● 跨團隊協作：與前端、雲端、DevOps 團隊協同合作，確保服務順暢運行。

我們希望你擁有

必備技能
● 熟悉 C#、Python 兩種語言，具備開發與維護後端系統的能力
● 熟悉 MQTT、Modbus、TCP/IP 等通訊協議，具備軟硬體整合經驗
● 有 SDK 設計與開發經驗，能設計良好的 API 介面與模組
● 熟悉 資料庫設計，具備高效資料存取優化能力
● 熟悉 分散式架構，具備高併發、大量設備連線處理能力
● 熟悉 雲端平台（如 GCP），能進行雲端系統開發與部署

加分條件
● 熟悉 Linux 環境開發，有 Edge Computing 或嵌入式系統經驗
● 熟悉 DevOps 及 CI/CD 流程，有 GitOps 實作經驗
● 具備 電力控制、智慧建築、環控系統 開發經驗
● 具備 高效能系統開發經驗，熟悉並行與非同步處理技術
● 曾開發過 工業自動化或物聯網應用

我們提供的環境
● 技術驅動文化：我們重視技術創新與解決方案，讓你能深度參與架構設計與開發。
● 強調學習與成長：提供技術分享、內部交流機會，支持專業證照與外部進修。
● 影響力與挑戰：你的開發將直接影響智慧建築、工業物聯網等領域，為市場帶來創新應用。
● 完善的職涯發展：提供技術與管理雙軌成長機會，支援個人發展目標。

如果你熱愛技術，想在軟硬體整合的領域發揮影響力，歡迎加入我們，一起打造下一代智慧建築系統！立即應徵，成為我們的一員！,不拘,ASP.NET、C#、MySQL
提升專業能力
提升專業能力,不拘","軟體工程師
、網頁設計師
、Internet程式設計師","月薪50,000~100,000元","無需出差外派","2025-10-09","","",""
"https://www.104.com.tw/job/8ng7t?app_jobsource=m_time4jobs&jobsource=new_map","後端工程師C#","1. 負責開發維護後端 .net core 程式碼。
2. 關聯式資料庫運用。
3. 開發API服務與接入外部系統API 
4. 相關公司工程軟體之設計與使用
擅長工具：visual studio、PostgreSQL、Redis

【職務條件】
-具有 Git 版本控制相關知識
-可獨立或與團隊合作，工作態度積極、負責，能配合公司規定

【程式語言條件】
1. 熟悉 C# / SQL / Github 
2. 具程式版本管理經驗尤佳,不拘,Github、C#、Visual Studio、MySQL
提升專業能力
提升專業能力,軟體工程系統開發、軟體程式設計、資料庫程式設計","軟體工程師
、後端工程師
、全端工程師","月薪45,000~60,000元","無需出差外派","2025-10-09","","",""
"https://www.104.com.tw/job/8rv7r?app_jobsource=m_time4jobs&jobsource=new_map","軟體開發工程師(薪資非常好面議)","1、大學（含）以上，資訊工程、軟體工程或相關科系畢業（或具同等專業能力）
2、資訊專業技能：Java、Python、Oracle、HTML5/FLEX前端框架、Javascript等
3、具備資料庫操作能力（Oracle SQL/PostgreSQL等）
4、基本軟體工程概念（版本控制 Git、API 呼叫、除錯與測試），熟RESTful API標準尤佳。
5、良好問題解決能力與團隊合作精神，學習能力強，對程式開發及軟體工程具有熱情，願意嘗試新的技術及架構。
6、依個別資歷、工作表現、職務內容等，每季提供績效獎金。,未填寫,ASP.NET、C#、Java、PHP、Python、MS SQL、MySQL、Oracle、JavaScript、CSS
提升專業能力
提升專業能力,軟體程式設計、網路程式設計、資料庫程式設計、資料庫軟體應用","軟體工程師
、系統分析師
、Internet程式設計師","待遇面議","需出差，一年累積時間未定","2025-10-09","","",""
"https://www.104.com.tw/job/8sffn?app_jobsource=m_time4jobs&jobsource=new_map","【金融創新部】高級/資深程式設計師（工作地點：台中）","【⼯作內容】
1.負責產品模組的開發與調整(含前端JS、後端C#與SQL之開發)
2.理解客戶需求原因或是問題發⽣原因，協助思考、優化解決⽅案

【必要技能】
1. 後端：C# .net Framework MVC、MS SQL
2. 前端：Javascript
3. 接觸過HTML、CSS、物件導向程式設計概念

【加分條件】
1. 了解MVC架構
2. 了解前端框架(Ext.js、React等)
3. 了解SVN、Git等版控操作
4. 喜歡接觸新事物、新技術、並能不斷提升⾃我技術⽔準

【寶碩財務科技−⾦融創新部簡介】
我們致⼒於⾦融商品投資管理平台開發，協助客戶進⾏⾦融商品交易部位管理、
⾵險管理及投資決策分析。

我們的成員組成為敏捷式團隊，提供客戶WEB化系統產品與服務(基於MVC架構)。
有別於其他傳統系統代理與專案模式，我們配置專職財務⼯程專家掌握最新⾦融技術、
商品變化與法規要求，結合兩個領域的優勢，建構完整、全⾯的投資平台，致⼒於核⼼產品開發，引領客戶⾯對不斷變化中的⾦融挑戰。

我們這裡有扁平的組織結構、採⽤敏捷式開發流程、開放⾃由的討論⽂化與導師制度、
完善的新⼈教育訓練、彈性的上班時間(8:30~10:30)做滿8⼩時⾃⾏下班、
沒有傳統企業的包袱、下班不⽤等主管離開才能⾛、沒有加班⽂化，
每周⼀次以上的部⾨聚餐(⾃由參加)、
友善豐富的進修管道(內訓、外訓、證照補助、部⾨知識庫)、
提供每⼈基本配備個⼈電腦(含SSD)+雙螢幕、
不定時的資訊技術、財經新知、財務知識、理財知識分享。

無須具備財務⾦融相關知識，歡迎不具財經背景的資訊⼯程師加⼊⼀同成⻑、分享與切磋~,不拘,不拘,不拘","軟體工程師
、Internet程式設計師","月薪50,000~80,000元","無需出差外派","2025-10-09","","",""
"https://www.104.com.tw/job/8sl0z?app_jobsource=m_time4jobs&jobsource=new_map","【技術開發部】(主任)後端工程師","【工作職責】
● 使用Golang及grpc or http進行系統後端伺服器及API開發與維護。
● 負責開發多人連線網路系統。
● 後台管理介面開發及維護。
● 資料庫建置及運用。
● 網路同步機制撰寫。
● 具備K8S使用經驗。

【其他條件】
● 使用 Golang/C++/Asp.Net(MVCWeb API)/MSSQL/Redis/Postgresql 等技術。
● 具備一年以上遊戲伺服器開發經驗者佳。
● 使用 Server/Web/資料庫設計/程式設計的相關經驗。

【加分項目】
● 具備一年以上遊戲相關產業開發經驗者佳。
● 具備即時連線遊戲前後端串接流程相關經驗者佳。
● 具有獨立開發能力 (架構設計/流程設計/除錯/效能調整)者佳。,不拘,不拘,不拘","軟體工程師
、遊戲工程師
、後端工程師","月薪60,000元以上","無需出差外派","2025-10-09","","",""
"https://www.104.com.tw/job/7utbd?app_jobsource=m_time4jobs&jobsource=new_map","【總部】軟體系統工程師","如果您對資訊開發管理充滿熱情，並且想要在教育產業發展，歡迎您加入我們的團隊！

身為四季藝術的數位資訊部伙伴，您將參與我們內外部系統的設計、開發與維護工作，並透過技術協助學校業務流程最佳化。我們正在尋找有熱情、能協作、並勇於學習與挑戰的您！

工作內容包含：
1.使用 PHP 或 C# 進行系統程式開發（具1年以上實務經驗）。
2.操作與設計 關聯式資料庫（如 MySQL、MSSQL）。
3.根據需求設計並撰寫 RESTful API，整合多種企業級應用（如 HRM、BPM、CRM 等）。
4.負責校內系統日常維運與問題排除。

我們期望你具備的能力與特質：
1.喜歡挑戰新事物，擅長跨部門溝通，重視團隊合作。
2.能獨立或與團隊合作，進行系統設計、開發與測試。
3.樂於嘗試使用 AI 技術 解決資訊系統問題。

【超優獎金與福利】
✧紅利獎金
✧三節獎金
✧定期舒壓按摩
✧聯誼聚餐
✧電影藝文活動補助
✧新鮮有機午餐
✧伙伴及伙伴家人旅行
✧伙伴子女入學優惠
✧伙伴子女課後照顧
✧單親伙伴 子女免費就讀補助
✧伙伴第三名子女免費就讀

這裡，充滿藝術、人文、愛與夢想，
這裡，高薪酬.多獎金.好福利，
這裡，有創新的四季專屬App.注重伙伴是否能聰明工作，
與伙伴共創安身立命實現夢想的地方，幸福的成為伙伴與自己生命中的貴人!,不拘,PHP、MySQL、C#
提升專業能力
提升專業能力,軟體工程系統開發、軟體程式設計","軟體工程師
、後端工程師
、Internet程式設計師","月薪40,000~50,000元","無需出差外派","2025-10-09","","",""
"https://www.104.com.tw/job/8ml6j?app_jobsource=m_time4jobs&jobsource=new_map","【系統研發部】資深主任後端工程師","【工作職責】
●擔任技術窗口，在開發過程中進行需求規格確認、跨組別對接討論及組內任務分配，確保研發過程及交付內容的高質量與正確性。
●擔任技術管理者，制定技術規範、維護技術文件、檢視日常任務，確保團隊協作順暢，職務代理成本最小化及開發效率最佳化。
●異常問題排查，若非上班時間發生線上異常需配合 on call 或指派相關人員進行處理，確保產品盡速恢復正常運作。

【其他條件】
● 程式語言：C# 為主，JavaScript/TypeScript、Go
● 資料庫：MySQL、PostgreSQL、MongoDB、Redis
● 容器化管理 (K8S 為主)
● 雲服務操作及管理 (GCP 為主)
● 具全端開發或設計經驗佳
● 專案管理與溝通協調
● 解決問題與持續優化,不拘,不拘,不拘","軟體工程師
、遊戲工程師
、Internet程式設計師","待遇面議","無需出差外派","2025-10-09","","",""
"https://www.104.com.tw/job/8pjdt?app_jobsource=m_time4jobs&jobsource=new_map","PHP助理工程師","參與Unity與C#相關的遊戲開發工作，具備獨立開發小型遊戲的實務經驗

熟悉網頁前後端開發流程，能在團隊中協作並完成跨部門的整合任務

曾參與實際專案開發，負責前端商品區邏輯設計與實作

熟悉常見Web技術，具備良好的UI實作與程式邏輯思考能力

能將所學技術應用於實際專案中，具備主動解決問題的能力


職務需求:
熱愛遊戲與程式開發，具備自學能力與持續學習動力

熟悉Unity與C#語言，有實作經驗者尤佳

具備HTML、CSS、JavaScript、Bootstrap的前端基礎

熟悉Laravel與PHP等後端技術，具備完整網站開發概念

有LeetCode練習經驗，對演算法與解題有基本認識

曾參與職訓課程學習前後端整合，具備實務操作經驗,不拘,C#、JavaScript、HTML、CSS、Unity、PHP
提升專業能力
提升專業能力,遊戲開發、軟體程式設計、網路程式設計","助理工程師
、後端工程師","月薪35,000~40,000元","無需出差外派","2025-10-09","","",""
"https://www.104.com.tw/job/8nlwz?app_jobsource=m_time4jobs&jobsource=new_map","產業應用發展部-全端工程師","1.設計開發系統介面程式，資料庫設計與管理
2.使用一種前端框架(Angular、React、Vue)進行開發
3.API設計開發與串接
4.專案支援、協調及執行軟體測試
5.主管交辦工作事項,資工、資管、電機電子工程相關科系

其他需求條件：
1.Javascript、JQuery、AngularJS 前端網項相關技術
2.熟悉ASP.net、C#後端網頁開發技術
3.CSS3、HTML5 
4.熟悉MS-SQL 資料庫語法
5.至少1年以上網頁/系統前端開發經驗,C#、Java、PHP、Python、MS SQL、MySQL、Oracle、HTML、JavaScript、CSS、Node.js、Angular
提升專業能力
提升專業能力,系統架構規劃、系統整合分析、軟體工程系統開發、軟體程式設計","全端工程師
、前端工程師
、後端工程師","待遇面議","需出差，一年累積時間約一個月以下","2025-10-09","","",""
"https://www.104.com.tw/job/8on14?app_jobsource=m_time4jobs&jobsource=new_map","【台中】平台後端研發工程師（Backend Engineer with Product Passion）","我們是誰？
我們是全台規模領先的智慧生活平台，擁有超過 250 萬會員、每日活躍用戶突破 150 萬，平台涵蓋智慧社區、智慧建築、AIOT 整合、社區數位治理、專業到府服務與電商等多元應用，技術堆疊涵蓋 Kubernetes 公有雲架構、高可用微服務、AIOT 訊息佇列與實時資料處理，後端技術核心以 .NET 為主軸，亦包含多語言整合環境。
我們正在尋找一位不只是寫程式，而是對「產品與使用者價值」有熱情的後端工程師，你會成為推動平台前進的技術夥伴，也可能是未來技術文化的佈道者（Evangelist）。

你會參與的事：
●設計並開發高可用、高併發、高穩定性的後端服務與 API
●與產品經理、前端與 QA 合作，從需求定義到落地開發，共同打造有感功能
●優化與重構既有系統架構，追求可維護性、可觀測性與擴展性
●持續導入新技術與最佳實踐（如 Clean Architecture、Event-Driven）
●協助團隊進行技術討論、code review、知識分享，扮演技術文化推動者
●支援平台對 AIOT、數據平台、社區設備整合等應用的後端開發需求

我們希望你有的樣子：
●具備 2 年以上後端開發經驗（.NET Core/C# 優先，其他語言亦可）
●熟悉 RESTful API 設計、資料庫 Schema 設計與效能調校（SQL/NoSQL）
●熟悉 Kubernetes、CI/CD、自動化部署流程尤佳
●對大型系統設計、軟體架構演進有興趣並願意鑽研（ex: 分散式系統、微服務）
●樂於分享、主動學習、關心使用者，能從「技術 + 產品」雙面思考

加分項目（不是硬性條件）：
●參與過中大型會員平台、訂單系統、排程任務等經驗
●熟悉消息佇列（如 Kafka、RabbitMQ、MQTT）與非同步架構
●有參與 DevOps、SRE 或 Observability（如 Prometheus, Grafana）實務經驗
●實作過 Domain-driven Design、Hexagonal/Clean Architecture 架構
●寫過技術部落格、社群分享、內部技術推廣等紀錄

 我們提供：
●技術導向文化，擁抱挑戰與創新，不設限於既有框架
●有規模也有速度的開發場域，讓你的設計在真實使用者中產生影響
●參與整個平台從產品概念到技術實踐的完整循環
●同溫層外的團隊，與你一樣熱血但不盲從的夥伴們
●彈性工時制度、教育訓練補助、技術社群參與支持

我們相信「工程師的成就感，來自技術實現使用者價值的過程」
如果你期待的不只是開發任務，而是一個能共同思考產品、挑戰技術極限、也能影響團隊文化的場域，請投遞你的履歷或作品集，讓我們一起聊聊怎麼讓「後端工程」更有靈魂。,不拘,ASP.NET、C#、MySQL
提升專業能力
提升專業能力,不拘","軟體工程師
、網頁設計師
、Internet程式設計師","月薪70,000~100,000元","無需出差外派","2025-10-09","","",""
"https://www.104.com.tw/job/8j4ag?app_jobsource=m_time4jobs&jobsource=new_map","H19-資訊專員(台中會本部)","『請務必上本會官網-人才招募系統(http://hr.ccf.org.tw/ManbankClient)，查詢職缺訊息，並線上投遞履歷與報名表，謝謝您的合作！』

開發人員應徵條件
【相關條件】 ： 
工作經歷：1年以上，實際專案開發 。
學歷要求：大學以上 。
科系要求：國內外大學電腦、資訊等相關學系 。
語文條件：不拘 。
具備條件：熟悉版本控管, 前後端開發, 資料庫語法 。
工作內容 : 負責本會資訊系統開發與維護 。
 
【我們希望您具備的技能】 ： 
1. 一年以上C# .NET Core 或其他程式語言專案實務經驗。
2. 熟悉ASP.NET MVC架構及Web API運用。 
3. 熟悉 HTML5、CSS、jQuery、Bootstrap 等前端網頁開發技術及運用 。
4. 熟悉 Git 或其他版本控管經驗及概念 。
5. 熟悉 SQL 語法，具 MSSQL使用經驗 。
 
 【加分項】 ： 
1. 熟悉 LINQ Entity Framework 
2.  Vue.js 前端套件運用經驗 
3. 敏捷開發相關經驗,不拘,不拘,不拘","軟體專案管理師
、全端工程師
、資料庫管理人員","月薪39,000~41,000元","無需出差外派","2025-10-09","","",""
"https://www.104.com.tw/job/7dc1l?app_jobsource=m_time4jobs&jobsource=new_map","資料庫管理設計工程師","1. 負責資料庫之分析、設計以及程式撰寫。
2. 規劃執行軟體架構及模組之設計，並控管軟體設計進度。
3. 進行軟體之測試與修改。
4. 熟悉後端資料庫運用軟體、MS SQL等資料庫、熟PHP Laravel
5. 有研究新技術與工具的熱忱
6. 積極主動、樂觀、能溝通、樂於助人及習慣團隊合作。,未填寫,C#、C++、Java、PHP、Access、MS SQL、MySQL、HTML、JavaScript
提升專業能力
提升專業能力,軟體程式設計、網路程式設計、資料庫系統管理維護、資料庫程式設計、資料庫軟體應用","軟體工程師
、資料庫管理人員
、其他資訊專業人員","月薪40,000~60,000元","無需出差外派","2025-10-09","","",""
"https://www.104.com.tw/job/75ofx?app_jobsource=m_time4jobs&jobsource=new_map","資深全端工程師","1. 後端系統開發與整合
2. 熟悉任一程式語言 (NodeJS, C#, GO等)
3. 熟悉前後端分離開發模式
4. 具Docker 或 K8S 工作經驗
5. 後端工作經驗兩年以上
6. 具備微服務開發經驗者佳,不拘,C#、Go、JavaScript、Node.js、VueJS
提升專業能力
提升專業能力,軟體工程系統開發、軟體程式設計、網路程式設計","Internet程式設計師
、軟體工程師
、遊戲工程師","月薪55,000~90,000元","無需出差外派","2025-10-09","","",""
"https://www.104.com.tw/job/7qrux?app_jobsource=m_time4jobs&jobsource=new_map","前端工程師-台中 (J1/J2)","【職務說明】
1. 進行軟體程式設計與維護。
2. 進行軟體測試與修改。
3. 在時間內完成給予的單子-把需求拆成可以執行的大小並且完成開發。
4. 執行主管交辦事項。

【技能要求】
1. 熟悉前端開發：Angular/JS、HTML、CSS
2. 對於三層式架構有一定的概念

【具備能力】
1. 良好的溝通能力：能夠和非工程師溝通，並且能夠說明一些技術上遇到的問題並試著提出解決方案。
2.喜歡團隊合作、富有熱情。
3. 特質：能夠透過溝通找出問題的解決方案、自主解決問題、喜歡協助他人以及樂於學習

【加分條件】
1. 了解 Azure DevOps
2. 了解 Scrum，有做過 PO 或者 Scrum master 的角色
3. 了解 Microsoft Azure
4. 了解 TDD/BDD 開發
5. 具有開發「好」系統的概念：
物件導向概念、測試概念、SOLID 等讓開發品質更好的概念
6. 對於軟體架構有一定的概念：
三層式架構、DDD（Clean Architecture）
7. 了解資料庫：以 MSSQL 為主，了解規劃 Table Schema，能夠進行效能調校
8. 了解 .NET 開發的生態圈：像是 C#、 ASP .NET MVC、 ASP .NET Core、Web API、Nuget 套件開發等等,不拘,HTML、JavaScript、CSS、Angular
提升專業能力
提升專業能力,軟體工程系統開發、軟體程式設計","助理工程師
、軟體工程師","月薪50,000元以上","無需出差外派","2025-10-09","","",""
"https://www.104.com.tw/job/8139q?app_jobsource=m_time4jobs&jobsource=new_map","前端網頁工程師 ~無經驗可 歡迎新鮮人加入~","1. 熟悉主流網頁技術 ( HTML / CSS / JavaScript / JQuery / UI ) 2. 良好的溝通與傾聽技能。,不拘,Visual Basic .net、MS SQL、JavaScript、jQuery
提升專業能力
提升專業能力,系統整合分析、軟體程式設計、網路程式設計","系統分析師
、軟體工程師
、Internet程式設計師","月薪30,000~36,000元","無需出差外派","2025-10-09","","",""
"https://www.104.com.tw/job/8sfg2?app_jobsource=m_time4jobs&jobsource=new_map","【金融創新部】初階程式設計師（工作地點：台中）","【⼯作內容】
現有功能維護及開發: 能接觸到前端、後端、SQL技術，⼀條⿓的串接開發，提供實務開發的平台

【必要技能】
1. 後端：C# .net Framework MVC、MS SQL
2. 前端：Javascript
3. 接觸過HTML、CSS、物件導向程式設計概念

【加分條件】
1. 了解MVC架構
2. 了解前端框架(Ext.js、React等)
3. 了解SVN、Git等版控操作
4. 喜歡接觸新事物、新技術、並能不斷提升⾃我技術⽔準


【寶碩財務科技−⾦融創新部簡介】
我們致⼒於⾦融商品投資管理平台開發，協助客戶進⾏⾦融商品交易部位管理、
⾵險管理及投資決策分析。

我們的成員組成為敏捷式團隊，提供客戶WEB化系統產品與服務(基於MVC架構)。
有別於其他傳統系統代理與專案模式，我們配置專職財務⼯程專家掌握最新⾦融技術、
商品變化與法規要求，結合兩個領域的優勢，建構完整、全⾯的投資平台，致⼒於核⼼產品開發，引領客戶⾯對不斷變化中的⾦融挑戰。

我們這裡有扁平的組織結構、採⽤敏捷式開發流程、開放⾃由的討論⽂化與導師制度、
完善的新⼈教育訓練、彈性的上班時間(8:30~10:30)做滿8⼩時⾃⾏下班、
沒有傳統企業的包袱、下班不⽤等主管離開才能⾛、沒有加班⽂化，
每周⼀次以上的部⾨聚餐(⾃由參加)、
友善豐富的進修管道(內訓、外訓、證照補助、部⾨知識庫)、
提供每⼈基本配備個⼈電腦(含SSD)+雙螢幕、
不定時的資訊技術、財經新知、財務知識、理財知識分享。

無須具備財務⾦融相關知識，歡迎不具財經背景的資訊⼯程師加⼊⼀同成⻑、分享與切磋~,不拘,不拘,不拘","軟體工程師
、Internet程式設計師","月薪40,000~60,000元","無需出差外派","2025-10-09","","",""
"https://www.104.com.tw/job/8lype?app_jobsource=m_time4jobs&jobsource=new_map","Senior Full Stack Developer 資深全端工程師(ASP.NET)","＊投遞時請一併提供相關作品集，因專案需求會先以約聘任用＊

Job Function
- 設計與開發 Web-based 應用程序的前後端系統
- 維護現有 ASP.NET Web 項目，進行日常維護開發與 Code Review
- 負責系統架構分析，能執行軟體開發前後建置及功能測試、除錯修改
- 負責 RWD 網頁切版與前端視覺呈現
- API 設計與撰寫，API 串接、後端系統分析、設計以及程式撰寫

Your Impact
- 提升專案開發效率，確保交付的系統具備高可靠性與穩定性
- 提供創新的技術解決方案，促進專案的順利執行
- 協助提升公司技術團隊的整體開發與維護能力

Qualifications
- 4~5年系統軟體開發經驗
- 熟悉 ASP.NET Core MVC 網站系統開發
- 熟悉 Vue.js、 jQuery 前端技術
- 具 WebAPI、WebService 開發/串接經驗
- 熟悉 RWD 網頁切版
- 熟悉 MsSQL 或 Oracle，資料庫開發經驗

Join Us
At MoBagel, you’ll be part of a passionate and talented team working on cutting-edge technology. You'll have the opportunity to contribute to impactful projects, work on innovative solutions, and grow alongside a dynamic company in the tech industry.,不拘,ASP.NET、Java、Oracle、jQuery
提升專業能力
提升專業能力,系統架構規劃、軟體工程系統開發、軟體程式設計、網路程式設計、資料庫程式設計","軟體工程師
、Internet程式設計師
、網頁設計師","待遇面議","無需出差外派","2025-10-09","","",""
"https://www.104.com.tw/job/7ef49?app_jobsource=m_time4jobs&jobsource=new_map","【台中】C#軟體研發工程師 Senior","你是否渴望在一個充滿挑戰和創造力的環境中，成為一名卓越的C#後端研發工程師？我們正在尋找具有熱情和專業的人才，加入我們充滿活力的軟體平台團隊，共同開發平台後端與微服務架構，並設計高併發的解決方案。

作為一家技術領先的軟體平台公司，我們致力於提供創新且高效的解決方案，滿足商業平台擴張與微服務架構的需求。作為C#後端研發工程師，你將成為這個目標實現的關鍵角色。

我們期待找到以下具備技能和特質的伙伴：
1.扎實的C#開發基礎：
   精通C#語言和.NET框架，熟悉開發平台Web API與微服務架構。具備良好的程式質量和效能優化意識。
2.架構設計與優化能力：
   具有設計高併發解決方案的經驗，能夠設計可擴展且穩定的系統架構。熟悉微服務架構的設計原則和最佳實踐。
3.優秀的問題解決能力：
   能夠快速識別並解決複雜的技術問題，具備良好的邏輯思維和分析能力。能夠在壓力下保持冷靜，並找到最佳解決方案。
4.團隊合作精神：
   善於與多個團隊成員合作，包括前端工程師、DBA、SRE等，以實現共同的目標。具備良好的溝通和協調能力，能夠積極參與團隊討論和分享。
5.學習和創新的態度：
   對於新技術和工具保持持續的學習和探索，並能夠將新知識應用於工作中。勇於嘗試新的想法和解決方案，推動產品的創新和發展。

加入我們的團隊，你將有機會參與開發引人注目的軟體平台，影響數百萬用戶的體驗。我們提供優越的工作環境和良好的成長機會，讓你的才華得以充分展現和發展。

如果你渴望成為C#後端研發領域的佼佼者，我們誠摯地邀請你加入我們的團隊。我們期待與你見面，一同創造更多觸手可及的美好生活。


1.熟ASP.NET Core C#
2.熟Git版本控制
3.具備 OOP / Design Pattern 概念尤佳
4.有redis、Rabbit MQ、EF.core 經驗尤佳
5.團隊採scrum開發模式，有DDD領域驅動開發模式 經驗尤佳
6.團隊採用自動化持續交付或持續部署(CI/CD)

團隊訓練
1.定期舉辦內部/外部技術研討與訓練
2.定期內部/外部教育訓練
3.享有豐富線上教育系統資源(skill/flow),不拘,ASP.NET、C#、MySQL
提升專業能力
提升專業能力,不拘","軟體工程師
、網頁設計師
、Internet程式設計師","月薪40,000~100,000元","無需出差外派","2025-10-09","","",""
"https://www.104.com.tw/job/6fuqj?app_jobsource=m_time4jobs&jobsource=new_map","MVC 程式設計師 ASP.NET or C#( 台中)","1.  需熟悉C#.Net or MVC 4以上相關開發工具
2.  需實際運用前述技術開發經驗
3.  維護MVC專案
4.  開發Server-Side Web API

系統架構係使用前後端相關技術：
前端：HTML5 + CSS3 +  jQuery
後端：MVC + WEB API + Entity Framework,1.具備 Windows Server和SQL server 系統操作能力者為佳。
2..若有相關作品和學校專題等可先準備好作品與文件來面試，會先行筆試。
3.如有MCSD(for .NET)或相關 DBA 之證照，可優先考慮。
4.具備iPAS證照優先面試。,ASP.NET、Visual Basic .net、Visual C#、Visual Studio、Visual Studio .net、MS SQL、Oracle
提升專業能力
提升專業能力,不拘","軟體工程師
、Internet程式設計師","月薪33,000~65,000元","需外派，一年累積時間未定","2025-10-09","","",""
"https://www.104.com.tw/job/8uzt9?app_jobsource=m_time4jobs&jobsource=new_map","應用程式開發工程師","1.軟體測試及驗證文件撰寫
2.產品應用程式開發維護
3.前端網頁開發維護
4.主管交辦事項,不拘,C#、WinForm、Visual Studio .net、Qt
提升專業能力
提升專業能力,不拘","全端工程師
、前端工程師","待遇面議","無需出差外派","2025-11-10","台中市大里區工業九路118號4樓","https://maps.google.com.tw/?q=%E9%82%A6%E7%9D%BF%E7%94%9F%E6%8A%80%E8%82%A1%E4%BB%BD%E6%9C%89%E9%99%90%E5%85%AC%E5%8F%B8@24.0988511,120.7169482&z=17","邦睿生技股份有限公司"
"https://www.104.com.tw/job/7ay21?app_jobsource=m_time4jobs&jobsource=new_map","後端工程師-台中","【職缺描述】

如果你充滿技術熱情，並且對最新的技術充滿追求，誠摯地邀請你加入我們的團隊，其中包括微軟MVP成員！我們正在尋找那些敢於挑戰問題並提供解決方案的人，具備卓越的規劃能力和創意思維，並且樂於積極合作和不斷學習。在這個團隊中，你將有機會與設計師和工程師密切合作，共同發掘無限潛力。此外，提供工作環境交通便利，以及彈性上下班福利，以確保你在團隊中有最佳的工作體驗。這是一個展開技術交流和分享的精彩之旅，你絕對不會想錯過！
如果想要了解你的產品被那些客戶使用，請參考 導入實績https://www.wishingsoft.com/clients.html

【職務說明】

1.  按照主管或產品 PM 指派，進行後端應用程式開發，以及相關技術研究與問題排除。

2.  參與產品開發工作討論，提供產品開發建議，與團隊共同成長。

3.  處理 Azure 相關 DevOps 流程與搭配相關 Azure 服務，使得產品能有效運行。

4. 協助撰寫相關技術文件與研發紀錄。

【技能】

1.  熟悉 .NET 開發的生態圈
     C#、SQL、 ASP .NET MVC、 ASP .NET Core、Web API、Nuget 等後端程式語言。

2.  熟悉使用GitHub Copilot進行代碼編寫和版本控制。

3.  具備設計和開發 RESTful API的經驗。

4.  對於軟體架構有一定的概念與熟悉
     三層式架構、DDD（Clean Architecture）。

5.  熟悉資料庫
     以 MSSQL 為主，了解規劃 Table Schema，能夠進行效能調校。

6. 接觸過或熟悉 git 相關操作。

7. 熟悉開發「好」系統的概念
    物件導向、測試概念、SOLID 等讓開發品質更佳。

【加分條件】

–在快速變動的環境裡，客戶需求亦日新月異，因此，培養靈活的敏捷思維變得尤為關鍵。

–具備同理心的溝通能力：能夠與非工程師溝通，並清楚解釋技術問題，提出有效解決方案。

【應徵前準備】

若您對本職務內容感興趣，歡迎先到官網了解我們：https://www.wishingsoft.com/,完成「2022數位通才超速養成」課程並取得VUE認證可獲得優先面試機會

【加分條件】

1. 熟悉 Microsoft Azure及 Azure DevOps。

2. 熟悉 TDD/BDD 開發。

3. 熟悉前端開發：js、 .Net core。

4. 熟悉 Scrum，有做過 PO 或者 Scrum master 的角色。,Github、C#、MS SQL
提升專業能力
提升專業能力,不拘","軟體工程師","待遇面議","無需出差外派","2025-11-10","台中市西區台灣大道二段2號10樓之7","https://maps.google.com.tw/?q=%E5%A8%81%E7%85%A6%E8%BB%9F%E9%AB%94%E9%96%8B%E7%99%BC%E6%9C%89%E9%99%90%E5%85%AC%E5%8F%B8@24.1481853,120.6735865&z=17","威煦軟體開發有限公司"
"https://www.104.com.tw/job/8l1rz?app_jobsource=m_time4jobs&jobsource=new_map","Unity工程師","【工作內容】
1.可獨立作業
2.使用Unity引擎，利用C#開發遊戲 
3.主要開發手機線上遊戲
4.對於開發遊戲有熱忱及自信
 
【必備技能 】
1.熟悉Unity / C#
2.對3D遊戲製程有經驗
3.後端API串接

【加分條件】
1.附相關作品參考者尤佳
2.數理邏輯組織能力強
3.參與過建築類，卡牌RPG類型手機遊戲開發
4.對台灣獨立遊戲有高度熱忱者尤佳
5.熟悉 Shader 編寫者。
6.photon fusion使用經驗
7.Animator設定經驗
8.UI/UX設計經驗


【獎金/禮品類】
1.年終獎金(保證最低年薪): 13個月
2.三節禮金
3.專案獎金

◆ 保險類
1.勞健保、勞退

◆ 請/休假制度
1.彈性上下班(上班時間9:00~10:00/下班時間18:00~19:00)
2.週休二日
3.特休/年假
4.生理假
5.陪產假

◆ 其他
1.下午茶、生日會、中秋烤肉、聖誕餐會、尾牙活動。
2.員工聚餐
3.旅遊獎勵
4.個人進修補助,不拘,Linux、Unity3D
提升專業能力
提升專業能力,系統架構規劃、軟體程式設計","軟體工程師
、遊戲工程師","月薪40,000~60,000元","無需出差外派","2025-11-10","台中市北屯區松竹路一段935號","https://maps.google.com.tw/?q=%E6%B2%83%E9%BE%8D%E8%B6%85%E9%81%8A%E8%82%A1%E4%BB%BD%E6%9C%89%E9%99%90%E5%85%AC%E5%8F%B8@24.1821603,120.7126798&z=17","沃龍超遊股份有限公司"
"https://www.104.com.tw/job/8w961?app_jobsource=m_time4jobs&jobsource=new_map","[部分遠端]ASP.NET後端工程師 (無經驗可，請備作品集)","※部分遠端居家工作，每週至少需兩日至公司上班※
須不定期至公司開實體會議（平均一個月一次）或派遣出差（當日來回）


【工作內容】
1.維護現有系統與功能
2.新專案開發


【職務需求】
[需求條件(僅有部分經驗亦可)]
1.熟悉C#、ASP.NET FrameWork/Core WebAPI開發技能
2.熟悉MS SQL Server/MariaDB資料庫 並能獨自完成性能優化和編寫SQL語法
3.具備 Git版本控制經驗
4.具備基礎HTML5、JavaScript、jQuery經驗
5.具備Windows Server使用經驗

加分項目（歡迎履歷或自傳提及相關經驗）
．熟悉網站部署流程，能獨立完成前後端專案上線
．具伺服器系統管理經驗 (IIS、DNS、排程任務、SSL憑證安裝等)
．熟悉資料庫操作與維護，能撰寫與優化 SQL
．具備基本資訊安全觀念 (防火牆、弱點掃描、存取權限管理等),不拘,C#、ASP.NET、MS SQL、MySQL、Git、IIS
提升專業能力
提升專業能力,系統架構規劃與維護、伺服器網站管理維護、資料備份與復原、資料庫程式設計、資料庫系統管理維護、軟體程式設計、軟體工程系統開發","後端工程師
、全端工程師","月薪43,000~47,000元","需出差，一年累積時間約一個月以下","2025-12-16","台中市北區崇德路一段631號17樓之2","https://maps.google.com.tw/?q=%E8%AA%AA%E8%AA%AA%E8%80%8C%E5%B7%B2%E7%A7%91%E6%8A%80%E6%9C%89%E9%99%90%E5%85%AC%E5%8F%B8@24.1672987,120.6848633&z=17","說說而已科技有限公司"
"https://www.104.com.tw/job/8waz9?app_jobsource=m_time4jobs&jobsource=new_map","PHP論壇網站架站工程師","主要工作:

維護現有論壇網站的運作。
開發現有論壇網站的網路系統程式。
新增現有論壇網站功能。

1.熟HTML、 JavaScript、jQuery、Bootstrap、PHP
2.熟 Ajax (XHR)
3.熟 MVC 架構
4. 熟悉Discuz 系統，能獨立完成整體網站建置。
5.或其他CMS架站流程，使用 Elementor 編輯器將網站美化、架設，能獨立完成整體網站建置。
6.資料庫管理與系統開發
7.熟 MySQL 資料庫操作

具備 IIS 架站 經驗。
- 熟悉 C# WebForm 等後端框架。
- 熟悉 資料庫管理工具 的操作。
規劃網站結構與版面配置，優化使用者體驗（UI/UX設計）,不拘,PHP、JavaScript、jQuery、MySQL、Linux
提升專業能力
提升專業能力,網頁語法撰寫","前端工程師
、後端工程師
、全端工程師","月薪40,000~45,000元","無需出差外派","2025-12-16","台中市北屯區北京里進化北路63號7樓之1","https://maps.google.com.tw/?q=%E7%B6%B2%E7%A2%81%E6%9C%89%E9%99%90%E5%85%AC%E5%8F%B8@24.1628078,120.6900994&z=17","網碁有限公司"
"https://www.104.com.tw/job/8ktzk?app_jobsource=m_time4jobs&jobsource=new_map","遊戲軟體工程師","Unity 工程師

工作內容
【工作內容】
1.開發卡牌多人對戰遊戲後端
2.能使用Unity 獨立作業與開發
3.建制後端服務與提供API。
4.與企畫和設計部門協作，實現新系統和特性。
5.對現有系統進行迭代和添加內容，

【技能要求】
1.熟悉Unity操作，具Unity遊戲開發經驗
2.熟悉C#程式語言於Unity開發
3.了解steam平台開發
4.了解git版本控制
5.程式相關科系畢業或熟悉資訊工程重要觀念
6.有資料庫相關經驗


【加分條件】

1.熟悉或實作或卡牌對戰或多人連線後端
2.附上作品集
3.基本英文能力
4.具備使用第三方API, SDK 經驗
5.完整steam上架經驗

【其他條件】
1.具有獨立思考且開放的性格，能接受不同意見，並與團隊高度合作和溝通討論的能力
2.對技術有強烈的進取心，優秀的分析問題和解決問題的能力
3.工作積極、有較強的責任感，邏輯性強，高度自我管理
4.對於創新充滿熱情，並且願意將自己的專業技能和知識投入到一個快速發展的環境,不拘,Unity
提升專業能力
提升專業能力,不拘","軟體工程師
、遊戲工程師","月薪40,000~100,000元","無需出差外派","2025-12-16","台中市北屯區軍功里東山路一段220之9號3樓","https://maps.google.com.tw/?q=%E5%A4%A2%E4%B9%8B%E7%B5%86%E9%81%8A%E6%88%B2%E8%82%A1%E4%BB%BD%E6%9C%89%E9%99%90%E5%85%AC%E5%8F%B8@24.1750352,120.7164824&z=17","夢之絆遊戲股份有限公司"
"https://www.104.com.tw/job/8w8om?app_jobsource=m_time4jobs&jobsource=new_map","ASP.NET後端工程師 (無經驗可，請備作品集)","【工作內容】
1.維護現有系統與功能
2.新專案開發


【職務需求】
[需求條件(僅有部分經驗亦可)]
1.熟悉C#、ASP.NET FrameWork/Core WebAPI開發技能
2.熟悉MS SQL Server/MariaDB資料庫 並能獨自完成性能優化和編寫SQL語法
3.具備 Git版本控制經驗
4.具備基礎HTML5、JavaScript、jQuery經驗
5.具備Windows Server使用經驗

加分項目（歡迎履歷或自傳提及相關經驗）
．熟悉網站部署流程，能獨立完成前後端專案上線
．具伺服器系統管理經驗 (IIS、DNS、排程任務、SSL憑證安裝等)
．熟悉資料庫操作與維護，能撰寫與優化 SQL
．具備基本資訊安全觀念 (防火牆、弱點掃描、存取權限管理等),不拘,C#、ASP.NET、MS SQL、MySQL、Git、IIS
提升專業能力
提升專業能力,系統架構規劃與維護、伺服器網站管理維護、資料備份與復原、資料庫程式設計、資料庫系統管理維護、軟體程式設計、軟體工程系統開發","後端工程師
、全端工程師","月薪42,000~47,000元","需出差，一年累積時間約一個月以下","2025-12-16","台中市北區崇德路一段631號17樓之2","https://maps.google.com.tw/?q=%E8%AA%AA%E8%AA%AA%E8%80%8C%E5%B7%B2%E7%A7%91%E6%8A%80%E6%9C%89%E9%99%90%E5%85%AC%E5%8F%B8@24.1672987,120.6848633&z=17","說說而已科技有限公司"
"https://www.104.com.tw/job/8w715?app_jobsource=m_time4jobs&jobsource=new_map","[遠端]ASP.NET後端工程師（無經驗可，請備作品集）","※工作地點不限台中 可雙北/桃園（居家遠端工作）※
須不定期至公司開實體會議（平均每月一次）或派遣出差（當日來回）


【工作內容】
1. 維護現有系統與功能
2. 新專案開發


【職務需求】
[需求條件(僅有部分經驗亦可)]
1. 熟悉C#、ASP.NET FrameWork/Core WebAPI開發技能
2. 熟悉MS SQL Server/MariaDB資料庫 並能獨自完成性能優化和編寫SQL語法
3. 具備 Git版本控制經驗
4. 具備基礎HTML5、JavaScript、jQuery經驗
5. 具備Windows Server使用經驗

加分項目（歡迎履歷或自傳提及相關經驗）
．熟悉網站部署流程，能獨立完成前後端專案上線
．具伺服器系統管理經驗 (IIS、DNS、排程任務、SSL憑證安裝等)
．熟悉資料庫操作與維護，能撰寫與優化 SQL
．具備基本資訊安全觀念 (防火牆、弱點掃描、存取權限管理等),不拘,C#、ASP.NET、MS SQL、MySQL、Git、IIS
提升專業能力
提升專業能力,系統架構規劃與維護、伺服器網站管理維護、資料備份與復原、資料庫程式設計、資料庫系統管理維護、軟體程式設計、軟體工程系統開發","後端工程師
、全端工程師","月薪42,000~47,000元","需出差，一年累積時間約一個月以下","2025-12-16","台中市北區崇德路一段631號17樓之2","https://maps.google.com.tw/?q=%E8%AA%AA%E8%AA%AA%E8%80%8C%E5%B7%B2%E7%A7%91%E6%8A%80%E6%9C%89%E9%99%90%E5%85%AC%E5%8F%B8@24.1672987,120.6848633&z=17","說說而已科技有限公司"
"https://www.104.com.tw/job/8wn1i?app_jobsource=m_time4jobs&jobsource=new_map","","1.熟HTML、 JavaScript、jQuery、Bootstrap、PHP
2.熟 Ajax (XHR)
3.熟 MVC 架構
4. 熟悉Discuz 系統，能獨立完成整體網站建置。
5.或其他CMS架站流程，使用 Elementor 編輯器將網站美化、架設，能獨立完成整體網站建置。
6.資料庫管理與系統開發
7.熟 MySQL 資料庫操作

具備 IIS 架站 經驗。
- 熟悉 C# WebForm 等後端框架。
- 熟悉 資料庫管理工具 的操作。
規劃網站結構與版面配置，優化使用者體驗（UI/UX設計）,不拘,JavaScript、HTML、MySQL、PHP
提升專業能力
提升專業能力,系統架構規劃、資料庫程式設計","全端工程師
、後端工程師
、前端工程師","月薪60,000~90,000元","無需出差外派","2025-12-16","台中市北屯區北京里進化北路63號7樓之1","https://maps.google.com.tw/?q=%E7%B6%B2%E7%A2%81%E6%9C%89%E9%99%90%E5%85%AC%E5%8F%B8@24.1628078,120.6900994&z=17","網碁有限公司"
"https://www.104.com.tw/job/8ttfr?app_jobsource=m_time4jobs&jobsource=new_map",".NET工程師 SA/PG 供應鏈相關系統 台中 台南","(1) 熟練Microsoft SQL資料庫和Oracle資料庫的SQL腳本
(2) Visual Studio .Net程式設計（Win Form/Web Form；
C#/VB.NET）
(3) Java程式設計
(4) Python/JPython編程
(5) 熟悉生產營運流程
(6) 系統程式安裝、設定、故障排除
(7) 處理系統（例如：ServiceNow）的系統案例
(8) 使用SVM/Git/Gitlab進行系統原始碼管理
(9) 熟悉Microsoft Power Platform（Power BI、Power Apps、
Power Automate等） 
(10)英文優,不拘,不拘,軟體程式設計","全端工程師
、後端工程師
、Internet程式設計師","月薪40,000元以上","無需出差外派","2025-12-16","台中市中區","https://maps.google.com.tw/?q=%E9%9B%B2%E7%A7%91%E6%8A%80%E6%9C%89%E9%99%90%E5%85%AC%E5%8F%B8@24.1402601,120.6818181&z=17","雲科技有限公司"
"https://www.104.com.tw/job/8xgdv?app_jobsource=m_time4jobs&jobsource=new_map","[台中]C# MVC網頁開發工程師","工作內容
1. 熟.NET C#開發。 
2. 熟MVC Framework開發，1年以上經驗。 
3. 熟jQuery、javascript前端架框。
4. 具資料庫(SQL)操作及開發經驗。 
5. 具備Web API開發經驗。 
6. 無經驗可(積極努力、細心、認真、團隊合作)。,未填寫,C#、ASP.NET、Visual Studio、MS SQL
提升專業能力
提升專業能力,軟體程式設計、資料庫程式設計、軟體工程系統開發、資料庫軟體應用","軟體工程師
、Internet程式設計師
、前端工程師","月薪40,000~55,000元取得專屬你的薪水報告","無需出差外派","2026-01-17","台中市北屯區臺中市北屯區三光里北屯路200巷1號2樓","https://maps.google.com.tw/?q=%E6%B5%A4%E6%BA%90%E7%A7%91%E6%8A%80%E8%82%A1%E4%BB%BD%E6%9C%89%E9%99%90%E5%85%AC%E5%8F%B8@24.1667973,120.695785&z=17","浤源科技股份有限公司"
"https://www.104.com.tw/job/8xifx?app_jobsource=m_time4jobs&jobsource=new_map","系統開發｜開發工程師(.Net)","1. 依客戶需求執行各項專案系統開發
2. 專案系統問題維護與擴充
3. 具 ASP.NET、C#.net core 開發能力
4. 具 MS SQL Server 資料庫能力(理解MVC框架為佳)
5. 溝通協作，樂於團隊合作
6. 其他主管交辦事項

本職務薪資結構 包括：
-本薪(月薪)
-年終獎金(本職務保證1個月)
-季獎金(依專案績效發放)
-三節獎金(節日發放),不拘,ASP.NET、C#、MS SQL
提升專業能力
提升專業能力,軟體工程系統開發、資料庫程式設計、網頁語法撰寫、軟體程式設計","後端工程師
、軟體工程師
、全端工程師","月薪38,000~50,000元取得專屬你的薪水報告","無需出差外派","2026-01-17","台中市太平區永和街75號","https://maps.google.com.tw/?q=%E5%93%81%E7%A7%91%E6%8A%80%E8%82%A1%E4%BB%BD%E6%9C%89%E9%99%90%E5%85%AC%E5%8F%B8@24.1125281,120.7182608&z=17","品科技股份有限公司"
"https://www.104.com.tw/job/877ne?app_jobsource=m_time4jobs&jobsource=new_map","專案程式設計師","歡迎應屆畢業生，請務必附上在學成績單，未附者不予受理

我們致力於開發全國性系統(教育部特殊教育系統)，供全國各級學校(幼兒園至大專院校)使用。主要產品為系統前、後端，但亦包含整合相關政府單位之API開發、排程系統開發、網路管理、虛擬主機、產學案等IT作業。

工作內容：
1. 使用Javascript開發前端
2. 使用C#開發後端API
3. 使用Linq進行資料庫存取
4. 閱讀SA提供之UML進行開發
5. 使用Git進行版控
6. 運用Jira進行專案管理
7. 日常處理SAST後的程式碼修正
8. 不定期的Source Code Scanning(源碼掃描)、VA(弱點掃描)、PT(滲透測試)進行程式碼修正
9. 遵循ISO 27001/SSDLC之開發原則

上班地點：國立臺灣體育運動大學
上班時段：日班，8:00-17:00(午休1小時)

條件要求
擅長工具：C#, Javascript(Ext JS), HTML, MS SQL
其他條件：
1. 持衛福部身心障礙證明者(加分)(請註記讓我們知道)
2. 了解SQL語法
3. 具物件導向程式設計能力
4. 具有資訊安全證書(尤佳)
5. 熟悉Git
6. 熟悉Jira
7. 熟悉Confluence
8. 剛畢業的您，請附上在校成績單

年薪給付13.5個月(12+1.5，首年年終依到職比例計算)，每年度調薪。,不拘,UML、Git、AJAX、ASP.NET、C#、Visual Studio、MS SQL、HTML、JavaScript
提升專業能力
提升專業能力,軟體程式設計、資料庫程式設計","全端工程師
、軟體工程師
、系統分析師","月薪40,000~60,000元取得專屬你的薪水報告","無需出差外派","2026-01-17","台中市北區雙十路一段 16 號","https://maps.google.com.tw/?q=%E5%9C%8B%E7%AB%8B%E8%87%BA%E7%81%A3%E9%AB%94%E8%82%B2%E9%81%8B%E5%8B%95%E5%A4%A7%E5%AD%B8_%E9%81%8B%E5%8B%95%E4%BA%8B%E6%A5%AD%E7%AE%A1%E7%90%86%E5%AD%B8%E7%B3%BB@24.1490402,120.6873994&z=17","國立臺灣體育運動大學_運動事業管理學系"
"https://www.104.com.tw/job/87kvg?app_jobsource=m_time4jobs&jobsource=new_map","軟體助理工程師","1.協助開發人員進行程式撰寫與維護
2.需求文件、測試文件、操作手冊撰寫
3.系統功能測試、Bug 回報與追蹤
4.資料整理、報表製作
5.學習新技術、參與教育訓練,1.細心、耐心，主動學習意願高者佳
2.具備專題或實習經驗佳
加分項：
前端開發－了解 Vue 3、TypeScript、HTML/CSS
後端開發－了解 C# / .NET Core、Web API 開發
資料庫－了解 SQL Server
文書工具－Office 文書處理,不拘,軟體程式設計、資料庫軟體應用","軟體助理工程師","月薪32,000~38,000元取得專屬你的薪水報告","無需出差外派","2026-01-17","台中市大里區仁化工二路99號","https://maps.google.com.tw/?q=%E9%9F%8B%E5%83%91%E7%A7%91%E6%8A%80%E8%82%A1%E4%BB%BD%E6%9C%89%E9%99%90%E5%85%AC%E5%8F%B8@24.0925883,120.7250817&z=17","韋僑科技股份有限公司"
"https://www.104.com.tw/job/8xig0?app_jobsource=m_time4jobs&jobsource=new_map","系統開發｜資深 開發工程師(.Net)","1. 依客戶需求執行各項專案系統設計(SD)及開發
2. 專案系統問題維護與擴充
3. 協助前端、業務或專案管理人員進行技術評估
4. 豐富 ASP.NET、C#.net core 專案開發經驗
5. 熟悉 MS SQL Server 資料庫、MVC開發架構為佳
6. 邏輯佳、具責任心、注重程式碼品質及維護性
7. 願意與團隊溝通協作，重視團隊合作
8. 一年以上相關工作經驗，有系統開發經驗者佳
9. 其他主管交辦事項

本職務薪資結構 包括：
-本薪(月薪)
-年終獎金(本職務保證1個月)
-季獎金(依專案績效發放)
-三節獎金(節日發放),不拘,ASP.NET、C#、MS SQL
提升專業能力
提升專業能力,系統架構規劃、系統維護操作、軟體工程系統開發、資料庫程式設計、網頁語法撰寫、軟體程式設計","後端工程師
、軟體工程師
、全端工程師","待遇面議","無需出差外派","2026-01-17","台中市太平區永和街75號","https://maps.google.com.tw/?q=%E5%93%81%E7%A7%91%E6%8A%80%E8%82%A1%E4%BB%BD%E6%9C%89%E9%99%90%E5%85%AC%E5%8F%B8@24.1125281,120.7182608&z=17","品科技股份有限公司"
"https://www.104.com.tw/job/8xvo1?app_jobsource=m_time4jobs&jobsource=new_map","Unity 遊戲客戶端工程師","【工作內容】
1. 維護與優化現有直播互動遊戲客戶端
2. 修復遊戲 Bug，處理線上環境問題，緊急問題排查與修復
3. 根據需求進行功能迭代與改進
4. 與後端工程師協作處理網路通信問題
5. 與平台方對接 API 接口和 SDK 整合
6. 優化遊戲效能（幀率、記憶體、包體大小）
7. 處理網路延遲與同步問題，確保遊戲流暢運行
8. 適配不同平台（Windows、WebGL）

【必要條件】
1. 經驗：2 年以上 Unity 客戶端開發經驗，至少完整參與過 1 個商業專案上線
2. Unity：熟悉 Unity 2023.x 版本，熟練使用 Unity Editor
3. C#：扎實的 C# 程式設計能力（OOP、委託、協程、事件系統）
4. 網路通信（重點）：
   - 具備 WebSocket 客戶端開發實戰經驗
   - 具備 TCP Socket 通信開發經驗
   - 理解長連線、心跳包、斷線重連機制
   - 有實際專案經驗
5. 訊息序列化：
   - 熟悉 Protocol Buffers (Protobuf) 使用與整合
   - 熟悉 MessagePack 序列化框架
   - 能夠根據 .proto 檔案生成和更新 C# 程式碼
7. UI 框架：
   - 熟練使用 TextMesh Pro (TMP)
   - 熟悉 Unity UGUI 系統
   - FairyGUI 使用經驗
8. 第三方插件：
   - 熟練使用 DOTween 動畫插件
   - 了解 KCP 協議

【加分條件】
1. 多人即時遊戲開發經驗（幀同步/狀態同步）
2. 直播平台遊戲或互動應用開發經驗
3. Universal Render Pipeline (URP) 使用與優化經驗
4. AssetBundle 資源管理與熱更新經驗
5. 跨平台建置經驗（Windows、WebGL、Mobile）
6. WebGL 平台效能優化經驗
7. Unity Profiler 效能分析與優化經驗
8. Git LFS 大檔案版本管理經驗
9. 了解 Golang 後端基礎（能看懂後端程式碼更佳）
10. 具備技術文件撰寫能力
11. Shader 編寫能力
12. 有帶領小團隊或指導新人的經驗






【休假制度】

周休二日
依公司配合開新發項目時,會特殊事情會需要加班,加班費照遵照勞基法給予,不拘,Unity、C#
提升專業能力
提升專業能力,軟體程式設計","遊戲企劃
、遊戲工程師
、客服工程師","待遇面議","無需出差外派","2026-02-20","台中市北區中清路一段100號10樓之5","https://maps.google.com.tw/?q=%E6%BE%8E%E5%AE%A2%E7%A7%91%E6%8A%80%E6%9C%89%E9%99%90%E5%85%AC%E5%8F%B8@24.1536483,120.677503&z=17","澎客科技有限公司"
"https://www.104.com.tw/job/7fgk5?app_jobsource=m_time4jobs&jobsource=new_map","物聯網軟體工程師","1.熟悉 Linux 作業系統 （Ex: CentOS / Ubuntu...）
2.熟悉MQTT、TCP/IP通訊協定
3.熟悉API資料交換
4.熟悉開發語言（C / C# / Python）

加分項目:
1.MCU、Raspberry Pi開發經驗
2.前端HTML、CSS、JS開發經驗
3.後端NodeJS、PHP開發經驗,未填寫,不拘,不拘","Internet程式設計師
、軟體工程師
、網頁設計師","月薪32,000~50,000元取得專屬你的薪水報告","無需出差外派","2026-02-20","台中市西區台灣大道二段2號11樓之6","https://maps.google.com.tw/?q=%E5%8E%9F%E4%BA%BA%E8%82%A1%E4%BB%BD%E6%9C%89%E9%99%90%E5%85%AC%E5%8F%B8@24.1481678,120.673492&z=17","原人股份有限公司"
"https://www.104.com.tw/job/8r3md?app_jobsource=m_time4jobs&jobsource=new_map","資訊系統開發工程師","1.負責資訊系統之程式開發、單元測試撰寫、功能測試
2.負責資料庫程式開發與維護
3.負責系統開發相關文件撰寫
4.負責系統維護管理與功能更新
5.負責程式資安議題處理及修正
6.新技術構建評估及導入
7.其他主管交辦事項

負責開發與維護網頁、應用程式等相關技術，具有高度的市場需求性與發展前景。
如果您具備以上經驗與技能，並且熱愛技術研發，歡迎加入我們的團隊！讓我們一起打造更好的產品與服務。,不拘,ASP.NET、C#、MS SQL、Python、Excel、Power BI
提升專業能力
提升專業能力,軟體程式設計","軟體工程師
、數據分析師／資料分析師
、全端工程師","月薪30,000元以上取得專屬你的薪水報告","無需出差外派","2026-02-20","台中市中區民族路45號2樓","https://maps.google.com.tw/?q=%E5%8F%B0%E4%B8%AD%E9%8A%80%E7%A7%9F%E8%B3%83%E4%BA%8B%E6%A5%AD%E8%82%A1%E4%BB%BD%E6%9C%89%E9%99%90%E5%85%AC%E5%8F%B8@24.1376963,120.6816833&z=17","台中銀租賃事業股份有限公司"
"https://www.104.com.tw/job/8y4i8?app_jobsource=m_time4jobs&jobsource=new_map","系統開發｜開發工程師(.Net)","1. 依客戶需求執行各項專案系統開發
2. 專案系統問題維護與擴充
3. 具 ASP.NET、C#.net core 開發能力
4. 具 MS SQL Server 資料庫能力
5. 溝通協作，樂於團隊合作
6. 其他主管交辦事項

本職務薪資結構 包括：
-本薪(月薪)
-年終獎金(本職務保證1個月)
-季獎金(依專案績效發放)
-三節獎金(節日發放),不拘,ASP.NET、C#、MS SQL
提升專業能力
提升專業能力,軟體工程系統開發、資料庫程式設計、網頁語法撰寫、軟體程式設計","後端工程師
、軟體工程師
、全端工程師","月薪38,000~50,000元取得專屬你的薪水報告","無需出差外派","2026-02-20","台中市太平區永和街75號","https://maps.google.com.tw/?q=%E5%93%81%E7%A7%91%E6%8A%80%E8%82%A1%E4%BB%BD%E6%9C%89%E9%99%90%E5%85%AC%E5%8F%B8@24.1125281,120.7182608&z=17","品科技股份有限公司"
"https://www.104.com.tw/job/8y4i9?app_jobsource=m_time4jobs&jobsource=new_map","系統開發｜資深 開發工程師(.Net)","1. 依客戶需求執行各項專案系統設計(SD)及開發
2. 專案系統問題維護與擴充
3. 協助前端、業務或專案管理人員進行技術評估
4. 豐富 ASP.NET、C#.net core 專案開發經驗
5. 熟悉 MS SQL Server 資料庫
6. 邏輯佳、具責任心、注重程式碼品質及維護性
7. 願意與團隊溝通協作，重視團隊合作
8. 一年以上相關工作經驗，有系統開發經驗者佳
9. 其他主管交辦事項

本職務薪資結構 包括：
-本薪(月薪)
-年終獎金(本職務保證1個月)
-季獎金(依專案績效發放)
-三節獎金(節日發放),不拘,ASP.NET、C#、MS SQL
提升專業能力
提升專業能力,系統架構規劃、系統維護操作、軟體工程系統開發、資料庫程式設計、網頁語法撰寫、軟體程式設計","後端工程師
、軟體工程師
、全端工程師","待遇面議","無需出差外派","2026-02-20","台中市太平區永和街75號","https://maps.google.com.tw/?q=%E5%93%81%E7%A7%91%E6%8A%80%E8%82%A1%E4%BB%BD%E6%9C%89%E9%99%90%E5%85%AC%E5%8F%B8@24.1125281,120.7182608&z=17","品科技股份有限公司"
"https://www.104.com.tw/job/8ueqs?app_jobsource=m_time4jobs&jobsource=new_map","ASP.NET Core 後端工程師","工作內容
1.使用C#開發ASP.NET Core程式。 
2.運行程式維護。  
3.熟悉 Git 版本控管。  
4.協助研發軟體新技術與新工具。,不拘,ASP.NET、C#、Git
提升專業能力
提升專業能力,軟體工程系統開發、軟體程式設計","後端工程師
、Internet程式設計師","月薪30,000~40,000元取得專屬你的薪水報告","無需出差外派","2026-02-26","台中市北區中清路一段87號6樓","https://maps.google.com.tw/?q=%E6%9B%9C%E6%9C%A8%E7%A7%91%E6%8A%80%E6%9C%89%E9%99%90%E5%85%AC%E5%8F%B8@24.1547977,120.6769966&z=17","曜木科技有限公司"
"https://www.104.com.tw/job/8ypso?app_jobsource=m_time4jobs&jobsource=new_map","系統開發｜開發工程師(.Net)","1. 依客戶需求執行各項專案系統開發
2. 專案系統問題維護與擴充
3. 具 ASP.NET、C#.net core 開發能力
4. 具 MS SQL Server 資料庫能力
5. 溝通協作，樂於團隊合作
6. 其他主管交辦事項

本職務薪資結構 包括：
-本薪(月薪)
-年終獎金(本職務保證1個月)
-季獎金(依專案績效發放)
-三節獎金(節日發放),不拘,ASP.NET、C#、MS SQL
提升專業能力
提升專業能力,軟體工程系統開發、資料庫程式設計、網頁語法撰寫、軟體程式設計","後端工程師
、軟體工程師
、全端工程師","月薪38,000~50,000元取得專屬你的薪水報告","無需出差外派","2026-02-27","台中市太平區永和街75號","https://maps.google.com.tw/?q=%E5%93%81%E7%A7%91%E6%8A%80%E8%82%A1%E4%BB%BD%E6%9C%89%E9%99%90%E5%85%AC%E5%8F%B8@24.1125281,120.7182608&z=17","品科技股份有限公司"
"https://www.104.com.tw/job/8ypsn?app_jobsource=m_time4jobs&jobsource=new_map","系統開發｜資深 開發工程師(.Net)","1. 依客戶需求執行各項專案系統設計(SD)及開發
2. 專案系統問題維護與擴充
3. 協助前端、業務或專案管理人員進行技術評估
4. 豐富 ASP.NET、C#.net core 專案開發經驗
5. 熟悉 MS SQL Server 資料庫
6. 邏輯佳、具責任心、注重程式碼品質及維護性
7. 願意與團隊溝通協作，重視團隊合作
8. 一年以上相關工作經驗，有系統開發經驗者佳
9. 其他主管交辦事項

本職務薪資結構 包括：
-本薪(月薪)
-年終獎金(本職務保證1個月)
-季獎金(依專案績效發放)
-三節獎金(節日發放),不拘,ASP.NET、C#、MS SQL
提升專業能力
提升專業能力,系統架構規劃、系統維護操作、軟體工程系統開發、資料庫程式設計、網頁語法撰寫、軟體程式設計","後端工程師
、軟體工程師
、全端工程師","待遇面議","無需出差外派","2026-02-27","台中市太平區永和街75號","https://maps.google.com.tw/?q=%E5%93%81%E7%A7%91%E6%8A%80%E8%82%A1%E4%BB%BD%E6%9C%89%E9%99%90%E5%85%AC%E5%8F%B8@24.1125281,120.7182608&z=17","品科技股份有限公司"
"https://www.104.com.tw/job/81rtc?app_jobsource=m_time4jobs&jobsource=new_map","網頁設計師／程式設計師","喜歡創意設計嗎?

　　喜歡程式設計嗎？

　　　　那你還在等什麼呢？

【能力需求】
(1)熟悉 HTML5 || CSS3。　　　　　加分項目：PhotoShop、Animate。
(2)熟悉 JS || Bootstrap || jQuery。　加分項目：Json、JS函式。
(3)熟悉 C# 程式語言。 　　　　　　加分項目：.Net Blazor。
(4)實作作品。　　　　　　　　　　加分項目：獨立&團隊製作、UI/UX。

【特殊需求】
(1) ASP 維護
(2) Win Forms、WPF 維護
以上兩項 待遇面議


能力，是由經驗累積而成的

在這裡，您的能力將在經驗中不斷提升，

並有機會接觸到各種 創意&程式設計 的專案。

我們的團隊重視技術交流，讓您在專案設計中與夥伴們共同成長。

程式設計的領域無邊無際，我們鼓勵您持續學習，不斷突破自我。,不拘,C#
提升專業能力
提升專業能力,不拘","網頁設計師
、全端工程師
、Internet程式設計師","月薪32,000~40,000元取得專屬你的薪水報告","無需出差外派","2026-03-04","台中市北屯區文心路四段698號24樓","https://maps.google.com.tw/?q=%E8%B2%A1%E5%9C%98%E6%B3%95%E4%BA%BA%E4%B8%AD%E8%8F%AF%E6%B0%91%E5%9C%8B%E9%9B%BB%E8%85%A6%E6%8A%80%E8%83%BD%E5%9F%BA%E9%87%91%E6%9C%83@24.1717601,120.6871704&z=17","財團法人中華民國電腦技能基金會"
"https://www.104.com.tw/job/8vr16?app_jobsource=m_time4jobs&jobsource=new_map","機器學習工程師（跨前端與後端整合）","負責協助公司導入機器學習技術，包括資料前處理、模型訓練、評估與部署（環境可共同規劃）。
與現有系統整合 AI 模型：使用 C# .NET / API 串接模型服務。
開發與維護前端頁面（Angular），將模型結果呈現給使用者。
撰寫並優化 SQL 查詢，協助資料整理、特徵工程及模型訓練資料建置。
與專案團隊協作，規劃機器學習功能流程與系統架構。
持續研究並引入適合公司產品的 AI 技術。
若有需要，協助建立 ML pipeline、資料清洗流程、自動化部署方式。

必要條件
熟悉 Python 及至少一種 ML 框架（TensorFlow / PyTorch / Scikit-Learn）。
能獨立完成「資料前處理 → 訓練 → 驗證 → 模型部署或 API 化」。
具備 C# .NET Core / ASP.NET API 開發能力。
熟悉 SQL，可撰寫複雜查詢與效能調校。
熟悉 Angular 前端開發（或願意快速學習）。
能與沒有 AI 背景的團隊合作，具備良好溝通能力。

本公司目前正開始導入 AI / 機器學習技術，目前內部仍在建立相關知識體系，因此希望尋找能協助規劃、落地與整合機器學習技術的夥伴。
您將在公司中扮演重要角色，可主導技術選擇、模型開發流程與部署方式，並協助團隊一起成長。,不拘,不拘,不拘","全端工程師
、前端工程師
、機器學習工程師","月薪35,000元以上取得專屬你的薪水報告","無需出差外派","2026-03-04","台中市北區崇德路一段629號11樓之2","https://maps.google.com.tw/?q=%E8%97%9D%E8%AA%A0%E7%A7%91%E6%8A%80%E6%9C%89%E9%99%90%E5%85%AC%E5%8F%B8@24.1674421,120.6847664&z=17","藝誠科技有限公司"
"https://www.104.com.tw/job/8yur0?app_jobsource=m_time4jobs&jobsource=new_map","系統開發｜資深 開發工程師(.Net)","1. 依客戶需求執行各項專案系統設計(SD)及開發
2. 專案系統問題維護與擴充
3. 協助前端、業務或專案管理人員進行技術評估
4. 豐富 ASP.NET、C#.net core 專案開發經驗
5. 熟悉 MS SQL Server 資料庫
6. 邏輯佳、具責任心、注重程式碼品質及維護性
7. 願意與團隊溝通協作，重視團隊合作
8. 一年以上相關工作經驗，有系統開發經驗者佳
9. 其他主管交辦事項

本職務薪資結構 包括：
-本薪(月薪)
-年終獎金(本職務保證1個月)
-季獎金(依專案績效發放)
-三節獎金(節日發放),不拘,ASP.NET、C#、MS SQL
提升專業能力
提升專業能力,系統架構規劃、系統維護操作、軟體工程系統開發、資料庫程式設計、網頁語法撰寫、軟體程式設計","後端工程師
、軟體工程師
、全端工程師","待遇面議","無需出差外派","2026-03-04","台中市太平區永和街75號","https://maps.google.com.tw/?q=%E5%93%81%E7%A7%91%E6%8A%80%E8%82%A1%E4%BB%BD%E6%9C%89%E9%99%90%E5%85%AC%E5%8F%B8@24.1125281,120.7182608&z=17","品科技股份有限公司"
"https://www.104.com.tw/job/3x1h3?app_jobsource=m_time4jobs&jobsource=new_map","網頁前端工程師","1.熟HTML5+CSS3+JavaScript. Bootstrap。
2.熟悉使用介面設計、互動設計與網站程式開發。 
3.通前端 Framework者佳.
   例 : Vue.JS, Angular.JS, React.JS....
4.具整合後端能力佳.(C#/PHP/JAVA)
5.有視覺設計能力者佳
6.有主動學習熱忱, 樂於分享, 不怕讀英文文件. 關心網路發展.
7.需附作品集連結,未填寫,JavaScript、CSS
提升專業能力
提升專業能力,不拘","Internet程式設計師
、網頁設計師","月薪32,000~40,000元取得專屬你的薪水報告","無需出差外派","2026-03-04","台中市北區崇德路一段629號11樓之2","https://maps.google.com.tw/?q=%E8%97%9D%E8%AA%A0%E7%A7%91%E6%8A%80%E6%9C%89%E9%99%90%E5%85%AC%E5%8F%B8@24.1674421,120.6847664&z=17","藝誠科技有限公司"
"https://www.104.com.tw/job/8yur1?app_jobsource=m_time4jobs&jobsource=new_map","","1. 依客戶需求執行各項專案系統開發
2. 專案系統問題維護與擴充
3. 具 ASP.NET、C#.net core 開發能力
4. 具 MS SQL Server 資料庫能力
5. 溝通協作，樂於團隊合作
6. 其他主管交辦事項

本職務薪資結構 包括：
-本薪(月薪)
-年終獎金(本職務保證1個月)
-季獎金(依專案績效發放)
-三節獎金(節日發放),不拘,ASP.NET、C#、MS SQL
提升專業能力
提升專業能力,軟體工程系統開發、資料庫程式設計、網頁語法撰寫、軟體程式設計","後端工程師
、軟體工程師
、全端工程師","月薪38,000~50,000元取得專屬你的薪水報告","無需出差外派","2026-03-04","台中市太平區永和街75號","https://maps.google.com.tw/?q=%E5%93%81%E7%A7%91%E6%8A%80%E8%82%A1%E4%BB%BD%E6%9C%89%E9%99%90%E5%85%AC%E5%8F%B8@24.1125281,120.7182608&z=17","品科技股份有限公司"